id,label,heuristicLabel,keywords,description,enrichedBy,cohesion,symbolCount
"comm_139","Include","Include",[],"","heuristic",0.7896678966789668,118
"comm_86","Include","Include",[],"","heuristic",0.7641921397379913,59
"comm_216","Include","Include",[],"","heuristic",0.8983050847457628,58
"comm_201","Include","Include",[],"","heuristic",0.7186147186147186,56
"comm_56","App","App",[],"","heuristic",0.968421052631579,44
"comm_44","App","App",[],"","heuristic",0.6741573033707865,31
"comm_101","Include","Include",[],"","heuristic",0.6306306306306306,30
"comm_49","Include","Include",[],"","heuristic",0.9310344827586207,28
"comm_60","App","App",[],"","heuristic",0.46875,27
"comm_96","Include","Include",[],"","heuristic",0.8,27
"comm_184","Include","Include",[],"","heuristic",0.6904761904761905,27
"comm_189","Include","Include",[],"","heuristic",0.8503937007874016,27
"comm_138","Cluster_138","Cluster_138",[],"","heuristic",0.8431372549019608,26
"comm_206","Include","Include",[],"","heuristic",0.5656565656565656,24
"comm_174","Include","Include",[],"","heuristic",0.4631578947368421,22
"comm_302","Include","Include",[],"","heuristic",0.8433734939759037,22
"comm_34","Ui","Ui",[],"","heuristic",0.5970149253731343,21
"comm_73","Include","Include",[],"","heuristic",0.65625,21
"comm_230","Include","Include",[],"","heuristic",0.6470588235294118,21
"comm_309","Include","Include",[],"","heuristic",0.7088607594936709,21
"comm_89","Include","Include",[],"","heuristic",0.8333333333333334,17
"comm_112","Include","Include",[],"","heuristic",0.7142857142857143,17
"comm_251","Include","Include",[],"","heuristic",0.9180327868852459,17
"comm_79","Include","Include",[],"","heuristic",0.5263157894736842,16
"comm_95","Include","Include",[],"","heuristic",0.4166666666666667,16
"comm_295","Include","Include",[],"","heuristic",0.8,16
"comm_84","App","App",[],"","heuristic",0.8771929824561403,15
"comm_228","Include","Include",[],"","heuristic",0.6829268292682927,15
"comm_113","Include","Include",[],"","heuristic",0.625,14
"comm_304","Cluster_304","Cluster_304",[],"","heuristic",0.9230769230769231,14
"comm_317","Include","Include",[],"","heuristic",0.68,14
"comm_467","Cluster_467","Cluster_467",[],"","heuristic",1,14
"comm_197","Include","Include",[],"","heuristic",0.972972972972973,13
"comm_46","App","App",[],"","heuristic",0.8888888888888888,12
"comm_75","Include","Include",[],"","heuristic",0.8571428571428571,12
"comm_126","Js","Js",[],"","heuristic",1,12
"comm_136","Include","Include",[],"","heuristic",0.8484848484848485,12
"comm_273","Include","Include",[],"","heuristic",0.6875,12
"comm_385","Include","Include",[],"","heuristic",0.7647058823529411,12
"comm_87","Include","Include",[],"","heuristic",0.6666666666666666,11
"comm_98","Include","Include",[],"","heuristic",0.9285714285714286,11
"comm_149","Cluster_149","Cluster_149",[],"","heuristic",0.8235294117647058,11
"comm_178","Include","Include",[],"","heuristic",0.8888888888888888,11
"comm_259","Include","Include",[],"","heuristic",0.8,11
"comm_280","Include","Include",[],"","heuristic",0.5714285714285714,11
"comm_384","Include","Include",[],"","heuristic",0.8,11
"comm_399","Include","Include",[],"","heuristic",0.8461538461538461,11
"comm_70","App","App",[],"","heuristic",0.6153846153846154,10
"comm_85","App","App",[],"","heuristic",0.75,10
"comm_171","Include","Include",[],"","heuristic",0.75,10
"comm_194","Include","Include",[],"","heuristic",0.7692307692307693,10
"comm_199","Include","Include",[],"","heuristic",0.6896551724137931,10
"comm_215","Include","Include",[],"","heuristic",0.72,10
"comm_275","Include","Include",[],"","heuristic",0.7272727272727273,10
"comm_415","Include","Include",[],"","heuristic",0.8333333333333334,10
"comm_12","Include","Include",[],"","heuristic",0.6153846153846154,9
"comm_13","Ui","Ui",[],"","heuristic",0.75,9
"comm_45","App","App",[],"","heuristic",0.8,9
"comm_50","App","App",[],"","heuristic",0.6666666666666666,9
"comm_51","App","App",[],"","heuristic",0.782608695652174,9
"comm_62","App","App",[],"","heuristic",0.5161290322580645,9
"comm_64","App","App",[],"","heuristic",0.7142857142857143,9
"comm_65","App","App",[],"","heuristic",0.8,9
"comm_69","App","App",[],"","heuristic",0.6896551724137931,9
"comm_88","Include","Include",[],"","heuristic",0.8181818181818182,9
"comm_132","Include","Include",[],"","heuristic",0.782608695652174,9
"comm_162","Include","Include",[],"","heuristic",0.6285714285714286,9
"comm_172","Include","Include",[],"","heuristic",0.9090909090909091,9
"comm_179","Include","Include",[],"","heuristic",0.5161290322580645,9
"comm_183","Include","Include",[],"","heuristic",0.5161290322580645,9
"comm_211","Include","Include",[],"","heuristic",0.6153846153846154,9
"comm_270","Cluster_270","Cluster_270",[],"","heuristic",1,9
"comm_294","Include","Include",[],"","heuristic",0.6666666666666666,9
"comm_306","Include","Include",[],"","heuristic",0.6666666666666666,9
"comm_382","Include","Include",[],"","heuristic",0.5161290322580645,9
"comm_47","App","App",[],"","heuristic",0.7,8
"comm_55","App","App",[],"","heuristic",0.875,8
"comm_58","App","App",[],"","heuristic",1,8
"comm_142","Include","Include",[],"","heuristic",0.6428571428571429,8
"comm_160","Include","Include",[],"","heuristic",0.7777777777777778,8
"comm_163","Include","Include",[],"","heuristic",0.6666666666666666,8
"comm_165","Cluster_165","Cluster_165",[],"","heuristic",0.7586206896551724,8
"comm_214","Include","Include",[],"","heuristic",0.6666666666666666,8
"comm_231","Include","Include",[],"","heuristic",0.5555555555555556,8
"comm_236","Include","Include",[],"","heuristic",0.6086956521739131,8
"comm_250","Include","Include",[],"","heuristic",0.8421052631578947,8
"comm_299","Include","Include",[],"","heuristic",0.7586206896551724,8
"comm_300","Include","Include",[],"","heuristic",0.72,8
"comm_475","Klogg","Klogg",[],"","heuristic",0.7586206896551724,8
"comm_11","Unit","Unit",[],"","heuristic",1,7
"comm_22","Ui","Ui",[],"","heuristic",0.9230769230769231,7
"comm_31","Ui","Ui",[],"","heuristic",0.6666666666666666,7
"comm_32","Ui","Ui",[],"","heuristic",0.8,7
"comm_38","Include","Include",[],"","heuristic",0.6363636363636364,7
"comm_57","App","App",[],"","heuristic",0.9333333333333333,7
"comm_90","Include","Include",[],"","heuristic",0.8571428571428571,7
"comm_97","Include","Include",[],"","heuristic",0.7272727272727273,7
"comm_123","Include","Include",[],"","heuristic",0.9230769230769231,7
"comm_133","Cluster_133","Cluster_133",[],"","heuristic",1,7
"comm_152","Include","Include",[],"","heuristic",0.75,7
"comm_153","Include","Include",[],"","heuristic",0.6363636363636364,7
"comm_161","Include","Include",[],"","heuristic",0.631578947368421,7
"comm_167","Include","Include",[],"","heuristic",0.7619047619047619,7
"comm_177","Include","Include",[],"","heuristic",0.8,7
"comm_180","Include","Include",[],"","heuristic",0.8888888888888888,7
"comm_191","Cluster_191","Cluster_191",[],"","heuristic",0.7272727272727273,7
"comm_193","Include","Include",[],"","heuristic",0.7,7
"comm_202","Include","Include",[],"","heuristic",0.8,7
"comm_204","Include","Include",[],"","heuristic",0.9230769230769231,7
"comm_207","Include","Include",[],"","heuristic",1,7
"comm_210","Include","Include",[],"","heuristic",0.9230769230769231,7
"comm_212","Include","Include",[],"","heuristic",0.45161290322580644,7
"comm_220","Include","Include",[],"","heuristic",0.7777777777777778,7
"comm_240","Include","Include",[],"","heuristic",0.631578947368421,7
"comm_242","Include","Include",[],"","heuristic",0.75,7
"comm_244","Include","Include",[],"","heuristic",0.6,7
"comm_248","Include","Include",[],"","heuristic",0.8571428571428571,7
"comm_298","Include","Include",[],"","heuristic",0.72,7
"comm_301","Include","Include",[],"","heuristic",0.6666666666666666,7
"comm_303","Cluster_303","Cluster_303",[],"","heuristic",0.8181818181818182,7
"comm_308","Include","Include",[],"","heuristic",0.75,7
"comm_366","Include","Include",[],"","heuristic",0.6896551724137931,7
"comm_379","Include","Include",[],"","heuristic",0.7,7
"comm_381","Include","Include",[],"","heuristic",0.6666666666666666,7
"comm_471","Python_runtime","Python_runtime",[],"","heuristic",0.7777777777777778,7
"comm_472","Python_runtime","Python_runtime",[],"","heuristic",0.7777777777777778,7
"comm_476","Klogg","Klogg",[],"","heuristic",0.72,7
"comm_0","Tools","Tools",[],"","heuristic",1,6
"comm_54","App","App",[],"","heuristic",0.875,6
"comm_105","Include","Include",[],"","heuristic",0.7142857142857143,6
"comm_106","Include","Include",[],"","heuristic",0.5882352941176471,6
"comm_111","Include","Include",[],"","heuristic",0.6666666666666666,6
"comm_128","Js","Js",[],"","heuristic",0.9230769230769231,6
"comm_130","Include","Include",[],"","heuristic",0.5,6
"comm_137","Include","Include",[],"","heuristic",0.6666666666666666,6
"comm_144","Include","Include",[],"","heuristic",0.8333333333333334,6
"comm_150","Include","Include",[],"","heuristic",0.7692307692307693,6
"comm_154","Cluster_154","Cluster_154",[],"","heuristic",0.7058823529411765,6
"comm_155","Cluster_155","Cluster_155",[],"","heuristic",0.8333333333333334,6
"comm_157","Cluster_157","Cluster_157",[],"","heuristic",0.6666666666666666,6
"comm_168","Include","Include",[],"","heuristic",0.45454545454545453,6
"comm_187","Include","Include",[],"","heuristic",0.8888888888888888,6
"comm_200","Include","Include",[],"","heuristic",0.42857142857142855,6
"comm_217","Include","Include",[],"","heuristic",0.6666666666666666,6
"comm_227","Include","Include",[],"","heuristic",0.4166666666666667,6
"comm_235","Include","Include",[],"","heuristic",0.5263157894736842,6
"comm_252","Include","Include",[],"","heuristic",0.5555555555555556,6
"comm_272","Include","Include",[],"","heuristic",0.625,6
"comm_277","Cluster_277","Cluster_277",[],"","heuristic",0.8333333333333334,6
"comm_279","Include","Include",[],"","heuristic",0.9090909090909091,6
"comm_287","Cluster_287","Cluster_287",[],"","heuristic",0.8,6
"comm_314","Include","Include",[],"","heuristic",0.9090909090909091,6
"comm_367","Include","Include",[],"","heuristic",0.41379310344827586,6
"comm_387","Cluster_387","Cluster_387",[],"","heuristic",0.7368421052631579,6
"comm_423","Include","Include",[],"","heuristic",0.7692307692307693,6
"comm_469","Include","Include",[],"","heuristic",0.8235294117647058,6
"comm_6","Codex_tasks","Codex_tasks",[],"","heuristic",1,5
"comm_7","Include","Include",[],"","heuristic",0.5,5
"comm_48","App","App",[],"","heuristic",0.8,5
"comm_71","Include","Include",[],"","heuristic",0.5333333333333333,5
"comm_72","App","App",[],"","heuristic",0.4,5
"comm_81","Include","Include",[],"","heuristic",0.42105263157894735,5
"comm_91","Include","Include",[],"","heuristic",0.5,5
"comm_102","Include","Include",[],"","heuristic",0.5,5
"comm_103","Include","Include",[],"","heuristic",0.47058823529411764,5
"comm_104","Include","Include",[],"","heuristic",0.8,5
"comm_116","Include","Include",[],"","heuristic",1,5
"comm_118","Include","Include",[],"","heuristic",0.7272727272727273,5
"comm_131","Include","Include",[],"","heuristic",0.8888888888888888,5
"comm_134","Include","Include",[],"","heuristic",0.38095238095238093,5
"comm_141","Cluster_141","Cluster_141",[],"","heuristic",0.5714285714285714,5
"comm_143","Include","Include",[],"","heuristic",0.6666666666666666,5
"comm_146","Cluster_146","Cluster_146",[],"","heuristic",0.42105263157894735,5
"comm_148","Cluster_148","Cluster_148",[],"","heuristic",0.47058823529411764,5
"comm_151","Cluster_151","Cluster_151",[],"","heuristic",0.6666666666666666,5
"comm_190","Cluster_190","Cluster_190",[],"","heuristic",0.6666666666666666,5
"comm_192","Include","Include",[],"","heuristic",0.6153846153846154,5
"comm_195","Cluster_195","Cluster_195",[],"","heuristic",0.7272727272727273,5
"comm_213","Include","Include",[],"","heuristic",0.8,5
"comm_226","Cluster_226","Cluster_226",[],"","heuristic",0.42105263157894735,5
"comm_232","Include","Include",[],"","heuristic",0.5,5
"comm_234","Include","Include",[],"","heuristic",0.6666666666666666,5
"comm_239","Include","Include",[],"","heuristic",0.5714285714285714,5
"comm_245","Include","Include",[],"","heuristic",0.5714285714285714,5
"comm_246","Include","Include",[],"","heuristic",0.8888888888888888,5
"comm_253","Cluster_253","Cluster_253",[],"","heuristic",1,5
"comm_254","Include","Include",[],"","heuristic",0.8,5
"comm_255","Cluster_255","Cluster_255",[],"","heuristic",0.8,5
"comm_256","Cluster_256","Cluster_256",[],"","heuristic",0.9090909090909091,5
"comm_258","Include","Include",[],"","heuristic",0.6153846153846154,5
"comm_282","Cluster_282","Cluster_282",[],"","heuristic",0.625,5
"comm_288","Include","Include",[],"","heuristic",0.36363636363636365,5
"comm_347","Include","Include",[],"","heuristic",1,5
"comm_380","Include","Include",[],"","heuristic",0.6153846153846154,5
"comm_400","Cluster_400","Cluster_400",[],"","heuristic",0.8888888888888888,5
"comm_409","Include","Include",[],"","heuristic",0.6666666666666666,5
"comm_411","Include","Include",[],"","heuristic",1,5
"comm_414","Include","Include",[],"","heuristic",0.8,5
"comm_416","Cluster_416","Cluster_416",[],"","heuristic",1,5
"comm_451","Include","Include",[],"","heuristic",1,5
"comm_457","Include","Include",[],"","heuristic",1,5
"comm_2","Codex_tasks","Codex_tasks",[],"","heuristic",0.9090909090909091,4
"comm_3","Codex_tasks","Codex_tasks",[],"","heuristic",0.8571428571428571,4
"comm_4","Codex_tasks","Codex_tasks",[],"","heuristic",0.9090909090909091,4
"comm_5","Codex_tasks","Codex_tasks",[],"","heuristic",0.8571428571428571,4
"comm_14","Include","Include",[],"","heuristic",0.42857142857142855,4
"comm_25","Ui","Ui",[],"","heuristic",1,4
"comm_30","Ui","Ui",[],"","heuristic",0.6666666666666666,4
"comm_53","App","App",[],"","heuristic",0.6666666666666666,4
"comm_66","App","App",[],"","heuristic",1,4
"comm_82","App","App",[],"","heuristic",0.46153846153846156,4
"comm_92","Include","Include",[],"","heuristic",0.5,4
"comm_93","Include","Include",[],"","heuristic",0.8571428571428571,4
"comm_94","Include","Include",[],"","heuristic",0.46153846153846156,4
"comm_99","Include","Include",[],"","heuristic",0.6666666666666666,4
"comm_100","Include","Include",[],"","heuristic",0.46153846153846156,4
"comm_117","Include","Include",[],"","heuristic",0.8571428571428571,4
"comm_119","Include","Include",[],"","heuristic",0.6666666666666666,4
"comm_127","Js","Js",[],"","heuristic",0.8571428571428571,4
"comm_129","Include","Include",[],"","heuristic",0.5,4
"comm_140","Cluster_140","Cluster_140",[],"","heuristic",0.8571428571428571,4
"comm_156","Cluster_156","Cluster_156",[],"","heuristic",0.8571428571428571,4
"comm_173","Include","Include",[],"","heuristic",0.8571428571428571,4
"comm_175","Include","Include",[],"","heuristic",0.8571428571428571,4
"comm_181","Include","Include",[],"","heuristic",0.5,4
"comm_182","Include","Include",[],"","heuristic",0.5,4
"comm_188","Include","Include",[],"","heuristic",0.8571428571428571,4
"comm_196","Cluster_196","Cluster_196",[],"","heuristic",0.8571428571428571,4
"comm_198","Cluster_198","Cluster_198",[],"","heuristic",1,4
"comm_203","Include","Include",[],"","heuristic",0.42857142857142855,4
"comm_205","Cluster_205","Cluster_205",[],"","heuristic",1,4
"comm_208","Include","Include",[],"","heuristic",1,4
"comm_218","Include","Include",[],"","heuristic",0.8888888888888888,4
"comm_219","Include","Include",[],"","heuristic",0.46153846153846156,4
"comm_225","Cluster_225","Cluster_225",[],"","heuristic",0.46153846153846156,4
"comm_229","Automation","Automation",[],"","heuristic",0.6666666666666666,4
"comm_233","Include","Include",[],"","heuristic",0.5454545454545454,4
"comm_237","Include","Include",[],"","heuristic",0.5,4
"comm_238","Include","Include",[],"","heuristic",0.3333333333333333,4
"comm_241","Include","Include",[],"","heuristic",0.42105263157894735,4
"comm_260","Include","Include",[],"","heuristic",0.6666666666666666,4
"comm_286","Include","Include",[],"","heuristic",0.6666666666666666,4
"comm_292","Include","Include",[],"","heuristic",0.6666666666666666,4
"comm_293","Cluster_293","Cluster_293",[],"","heuristic",0.8571428571428571,4
"comm_296","Cluster_296","Cluster_296",[],"","heuristic",0.75,4
"comm_305","Cluster_305","Cluster_305",[],"","heuristic",1,4
"comm_313","Cluster_313","Cluster_313",[],"","heuristic",0.6666666666666666,4
"comm_318","Include","Include",[],"","heuristic",0.5454545454545454,4
"comm_319","Cluster_319","Cluster_319",[],"","heuristic",0.38095238095238093,4
"comm_321","Include","Include",[],"","heuristic",0.75,4
"comm_343","Include","Include",[],"","heuristic",0.6666666666666666,4
"comm_392","Include","Include",[],"","heuristic",0.8571428571428571,4
"comm_395","Include","Include",[],"","heuristic",0.6,4
"comm_396","Include","Include",[],"","heuristic",0.8571428571428571,4
"comm_401","Cluster_401","Cluster_401",[],"","heuristic",0.8571428571428571,4
"comm_404","Cluster_404","Cluster_404",[],"","heuristic",1,4
"comm_408","Include","Include",[],"","heuristic",0.5454545454545454,4
"comm_410","Include","Include",[],"","heuristic",0.8,4
"comm_421","Cluster_421","Cluster_421",[],"","heuristic",0.8571428571428571,4
"comm_450","Include","Include",[],"","heuristic",0.8571428571428571,4
"comm_465","Include","Include",[],"","heuristic",1,4
"comm_468","Include","Include",[],"","heuristic",0.5,4
"comm_480","Assets","Assets",[],"","heuristic",1,4
"comm_59","App","App",[],"","heuristic",1,3
"comm_61","App","App",[],"","heuristic",1,3
"comm_125","Dump_syms","Dump_syms",[],"","heuristic",1,3
"comm_158","Cluster_158","Cluster_158",[],"","heuristic",1,3
"comm_170","Cluster_170","Cluster_170",[],"","heuristic",1,3
"comm_176","Include","Include",[],"","heuristic",1,3
"comm_247","Include","Include",[],"","heuristic",1,3
"comm_289","Cluster_289","Cluster_289",[],"","heuristic",1,3
"comm_290","Cluster_290","Cluster_290",[],"","heuristic",1,3
"comm_393","Include","Include",[],"","heuristic",1,3
"comm_413","Include","Include",[],"","heuristic",1,3
"comm_417","Include","Include",[],"","heuristic",1,3
"comm_477","Klogg","Klogg",[],"","heuristic",1,3
"comm_1","Tools","Tools",[],"","heuristic",1,2
"comm_9","Unit","Unit",[],"","heuristic",1,2
"comm_67","App","App",[],"","heuristic",1,2
"comm_78","App","App",[],"","heuristic",1,2
"comm_80","App","App",[],"","heuristic",1,2
"comm_135","Cluster_135","Cluster_135",[],"","heuristic",1,2
"comm_159","Cluster_159","Cluster_159",[],"","heuristic",1,2
"comm_164","Cluster_164","Cluster_164",[],"","heuristic",1,2
"comm_169","Cluster_169","Cluster_169",[],"","heuristic",1,2
"comm_185","Include","Include",[],"","heuristic",1,2
"comm_186","Include","Include",[],"","heuristic",1,2
"comm_264","Cluster_264","Cluster_264",[],"","heuristic",1,2
"comm_267","Cluster_267","Cluster_267",[],"","heuristic",1,2
"comm_271","Include","Include",[],"","heuristic",1,2
"comm_281","Cluster_281","Cluster_281",[],"","heuristic",1,2
"comm_283","Include","Include",[],"","heuristic",1,2
"comm_285","Include","Include",[],"","heuristic",1,2
"comm_307","Cluster_307","Cluster_307",[],"","heuristic",1,2
"comm_310","Include","Include",[],"","heuristic",1,2
"comm_316","Include","Include",[],"","heuristic",1,2
"comm_320","Include","Include",[],"","heuristic",1,2
"comm_322","Include","Include",[],"","heuristic",1,2
"comm_323","Include","Include",[],"","heuristic",1,2
"comm_324","Include","Include",[],"","heuristic",1,2
"comm_361","Include","Include",[],"","heuristic",1,2
"comm_377","Cluster_377","Cluster_377",[],"","heuristic",1,2
"comm_394","Cluster_394","Cluster_394",[],"","heuristic",1,2
"comm_398","Cluster_398","Cluster_398",[],"","heuristic",1,2
"comm_412","Cluster_412","Cluster_412",[],"","heuristic",1,2
"comm_424","Include","Include",[],"","heuristic",1,2
"comm_425","Include","Include",[],"","heuristic",1,2
"comm_426","Include","Include",[],"","heuristic",1,2
"comm_427","Include","Include",[],"","heuristic",1,2
"comm_428","Include","Include",[],"","heuristic",1,2
"comm_429","Include","Include",[],"","heuristic",1,2
"comm_430","Include","Include",[],"","heuristic",1,2
"comm_431","Include","Include",[],"","heuristic",1,2
"comm_432","Include","Include",[],"","heuristic",1,2
"comm_433","Include","Include",[],"","heuristic",1,2
"comm_434","Include","Include",[],"","heuristic",1,2
"comm_479","Assets","Assets",[],"","heuristic",1,2
