id,name,filePath
"Folder:website","website","website"
"Folder:tools","tools","tools"
"Folder:tests","tests","tests"
"Folder:src","src","src"
"Folder:scripts","scripts","scripts"
"Folder:schemas","schemas","schemas"
"Folder:packaging","packaging","packaging"
"Folder:doc","doc","doc"
"Folder:config","config","config"
"Folder:cmake","cmake","cmake"
"Folder:codex_tasks","codex_tasks","codex_tasks"
"Folder:3rdparty","3rdparty","3rdparty"
"Folder:website/content","content","website/content"
"Folder:tests/unit","unit","tests/unit"
"Folder:tests/ui","ui","tests/ui"
"Folder:tests/helpers","helpers","tests/helpers"
"Folder:Testing","Testing","Testing"
"Folder:Testing/Temporary","Temporary","Testing/Temporary"
"Folder:src/versioncheck","versioncheck","src/versioncheck"
"Folder:src/utils","utils","src/utils"
"Folder:src/ui","ui","src/ui"
"Folder:src/settings","settings","src/settings"
"Folder:src/regex","regex","src/regex"
"Folder:src/logdata","logdata","src/logdata"
"Folder:src/klogg_version","klogg_version","src/klogg_version"
"Folder:src/filewatch","filewatch","src/filewatch"
"Folder:src/logging","logging","src/logging"
"Folder:src/crash_handler","crash_handler","src/crash_handler"
"Folder:src/app","app","src/app"
"Folder:scripts/codex","codex","scripts/codex"
"Folder:packaging/windows","windows","packaging/windows"
"Folder:packaging/osx","osx","packaging/osx"
"Folder:packaging/linux","linux","packaging/linux"
"Folder:docker","docker","docker"
"Folder:docker/ubuntu22.04","ubuntu22.04","docker/ubuntu22.04"
"Folder:docker/ubuntu24.04","ubuntu24.04","docker/ubuntu24.04"
"Folder:docker/ubuntu20.04_qt5.15","ubuntu20.04_qt5.15","docker/ubuntu20.04_qt5.15"
"Folder:docker/ubuntu20.04","ubuntu20.04","docker/ubuntu20.04"
"Folder:docker/oracle7","oracle7","docker/oracle7"
"Folder:docker/fedora42","fedora42","docker/fedora42"
"Folder:docker/fedora41","fedora41","docker/fedora41"
"Folder:docker/oracle8","oracle8","docker/oracle8"
"Folder:docker/fedora40","fedora40","docker/fedora40"
"Folder:3rdparty/dump_syms","dump_syms","3rdparty/dump_syms"
"Folder:website/themes","themes","website/themes"
"Folder:website/themes/hugo-book","hugo-book","website/themes/hugo-book"
"Folder:website/static","static","website/static"
"Folder:website/static/js","js","website/static/js"
"Folder:website/static/css","css","website/static/css"
"Folder:website/content/archive","archive","website/content/archive"
"Folder:src/versioncheck/src","src","src/versioncheck/src"
"Folder:src/versioncheck/include","include","src/versioncheck/include"
"Folder:src/utils/src","src","src/utils/src"
"Folder:src/utils/include","include","src/utils/include"
"Folder:src/ui/src","src","src/ui/src"
"Folder:src/ui/include","include","src/ui/include"
"Folder:src/settings/src","src","src/settings/src"
"Folder:src/settings/include","include","src/settings/include"
"Folder:src/regex/src","src","src/regex/src"
"Folder:src/regex/include","include","src/regex/include"
"Folder:src/logdata/src","src","src/logdata/src"
"Folder:src/logdata/include","include","src/logdata/include"
"Folder:src/klogg_version/src","src","src/klogg_version/src"
"Folder:src/klogg_version/include","include","src/klogg_version/include"
"Folder:src/filewatch/src","src","src/filewatch/src"
"Folder:src/filewatch/include","include","src/filewatch/include"
"Folder:src/logging/src","src","src/logging/src"
"Folder:src/logging/include","include","src/logging/include"
"Folder:src/crash_handler/src","src","src/crash_handler/src"
"Folder:src/crash_handler/include","include","src/crash_handler/include"
"Folder:src/app/python_runtime","python_runtime","src/app/python_runtime"
"Folder:src/app/i18n","i18n","src/app/i18n"
"Folder:packaging/windows/scoop","scoop","packaging/windows/scoop"
"Folder:packaging/windows/chocolatey","chocolatey","packaging/windows/chocolatey"
"Folder:packaging/linux/gentoo","gentoo","packaging/linux/gentoo"
"Folder:packaging/linux/appimage","appimage","packaging/linux/appimage"
"Folder:packaging/linux/arch","arch","packaging/linux/arch"
"Folder:website/themes/hugo-book/layouts","layouts","website/themes/hugo-book/layouts"
"Folder:website/themes/hugo-book/i18n","i18n","website/themes/hugo-book/i18n"
"Folder:website/themes/hugo-book/exampleSite","exampleSite","website/themes/hugo-book/exampleSite"
"Folder:website/themes/hugo-book/assets","assets","website/themes/hugo-book/assets"
"Folder:website/themes/hugo-book/archetypes","archetypes","website/themes/hugo-book/archetypes"
"Folder:website/content/docs","docs","website/content/docs"
"Folder:website/content/docs/privacy_policy","privacy_policy","website/content/docs/privacy_policy"
"Folder:website/content/docs/news","news","website/content/docs/news"
"Folder:website/content/docs/legal_notice","legal_notice","website/content/docs/legal_notice"
"Folder:website/content/docs/getting_involved","getting_involved","website/content/docs/getting_involved"
"Folder:src/app/python_runtime/klogg","klogg","src/app/python_runtime/klogg"
"Folder:packaging/windows/chocolatey/tools","tools","packaging/windows/chocolatey/tools"
"Folder:website/themes/hugo-book/layouts/_default","_default","website/themes/hugo-book/layouts/_default"
"Folder:website/themes/hugo-book/layouts/taxonomy","taxonomy","website/themes/hugo-book/layouts/taxonomy"
"Folder:website/themes/hugo-book/layouts/shortcodes","shortcodes","website/themes/hugo-book/layouts/shortcodes"
"Folder:website/themes/hugo-book/layouts/posts","posts","website/themes/hugo-book/layouts/posts"
"Folder:website/themes/hugo-book/exampleSite/content","content","website/themes/hugo-book/exampleSite/content"
"Folder:website/themes/hugo-book/exampleSite/content.zh","content.zh","website/themes/hugo-book/exampleSite/content.zh"
"Folder:website/themes/hugo-book/exampleSite/content.ru","content.ru","website/themes/hugo-book/exampleSite/content.ru"
"Folder:website/themes/hugo-book/exampleSite/assets","assets","website/themes/hugo-book/exampleSite/assets"
"Folder:website/themes/hugo-book/assets/plugins","plugins","website/themes/hugo-book/assets/plugins"
"Folder:website/themes/hugo-book/layouts/_default/_markup","_markup","website/themes/hugo-book/layouts/_default/_markup"
"Folder:website/themes/hugo-book/layouts/partials","partials","website/themes/hugo-book/layouts/partials"
"Folder:website/themes/hugo-book/layouts/partials/docs","docs","website/themes/hugo-book/layouts/partials/docs"
"Folder:website/themes/hugo-book/exampleSite/content/posts","posts","website/themes/hugo-book/exampleSite/content/posts"
"Folder:website/themes/hugo-book/exampleSite/content/menu","menu","website/themes/hugo-book/exampleSite/content/menu"
"Folder:website/themes/hugo-book/layouts/partials/docs/inject","inject","website/themes/hugo-book/layouts/partials/docs/inject"
"Folder:website/themes/hugo-book/exampleSite/content/docs","docs","website/themes/hugo-book/exampleSite/content/docs"
"Folder:website/themes/hugo-book/exampleSite/content/docs/shortcodes","shortcodes","website/themes/hugo-book/exampleSite/content/docs/shortcodes"
"Folder:website/themes/hugo-book/exampleSite/content/docs/example","example","website/themes/hugo-book/exampleSite/content/docs/example"
"Folder:website/themes/hugo-book/exampleSite/resources","resources","website/themes/hugo-book/exampleSite/resources"
"Folder:website/themes/hugo-book/exampleSite/resources/_gen","_gen","website/themes/hugo-book/exampleSite/resources/_gen"
"Folder:website/themes/hugo-book/exampleSite/resources/_gen/assets","assets","website/themes/hugo-book/exampleSite/resources/_gen/assets"
"Folder:website/themes/hugo-book/exampleSite/resources/_gen/assets/scss","scss","website/themes/hugo-book/exampleSite/resources/_gen/assets/scss"
"Folder:website/themes/hugo-book/exampleSite/content/docs/shortcodes/section","section","website/themes/hugo-book/exampleSite/content/docs/shortcodes/section"
"Folder:website/themes/hugo-book/exampleSite/content/docs/example/table-of-contents","table-of-contents","website/themes/hugo-book/exampleSite/content/docs/example/table-of-contents"
"Folder:website/themes/hugo-book/exampleSite/content/docs/example/collapsed","collapsed","website/themes/hugo-book/exampleSite/content/docs/example/collapsed"
"Folder:website/themes/hugo-book/exampleSite/resources/_gen/assets/scss/example","example","website/themes/hugo-book/exampleSite/resources/_gen/assets/scss/example"
"Folder:website/themes/hugo-book/exampleSite/content/docs/example/collapsed/3rd-level","3rd-level","website/themes/hugo-book/exampleSite/content/docs/example/collapsed/3rd-level"
