id,label,heuristicLabel,processType,stepCount,communities,entryPointId,terminalId
"proc_0_updatedata","UpdateData → IsVisible","UpdateData → IsVisible","cross_community",7,"['comm_309','comm_318','comm_319','comm_81']","Method:src/ui/src/abstractlogview.cpp:updateData#0","Method:src/ui/include/overview.h:Overview.isVisible#0"
"proc_1_registerselector","RegisterSelector → DoGetActiveSearchable","RegisterSelector → DoGetActiveSearchable","cross_community",7,"['comm_175','comm_177','comm_178']","Method:src/ui/src/quickfindmux.cpp:registerSelector#1","Method:src/ui/include/quickfindmux.h:QuickFindMuxSelectorInterface.doGetActiveSearchable#0"
"proc_2_updatedata","UpdateData → LinesCount","UpdateData → LinesCount","cross_community",6,"['comm_309','comm_318']","Method:src/ui/src/abstractlogview.cpp:updateData#0","Struct:src/logdata/include/linetypes.h:LinesCount"
"proc_3_updatedata","UpdateData → WrappedLinesCount","UpdateData → WrappedLinesCount","cross_community",6,"['comm_309','comm_318']","Method:src/ui/src/abstractlogview.cpp:updateData#0","Method:src/ui/include/wrappedstring.h:WrappedString.wrappedLinesCount#0"
"proc_4_predefinedfilterscom","PredefinedFiltersComboBox → DoSetData","PredefinedFiltersComboBox → DoSetData","cross_community",5,"['comm_204','comm_153']","Method:src/ui/src/predefinedfilterscombobox.cpp:PredefinedFiltersComboBox#1","Method:src/ui/include/viewinterface.h:ViewInterface.doSetData#2"
"proc_5_previewmessagetab","PreviewMessageTab → All","PreviewMessageTab → All","cross_community",5,"['comm_193','comm_194']","Method:src/ui/src/previewmessagetab.cpp:PreviewMessageTab#4","Method:src/ui/include/previewmanager.h:PreviewManager.all#0"
"proc_6_previewmessagetab","PreviewMessageTab → ShowMessage","PreviewMessageTab → ShowMessage","cross_community",5,"['comm_193','comm_194']","Method:src/ui/src/previewmessagetab.cpp:PreviewMessageTab#4","Method:src/ui/src/previewmessagetab.cpp:showMessage#1"
"proc_7_previewmessagetab","PreviewMessageTab → FindFirstMatchingEnabledPreview","PreviewMessageTab → FindFirstMatchingEnabledPreview","cross_community",5,"['comm_193','comm_194']","Method:src/ui/src/previewmessagetab.cpp:PreviewMessageTab#4","Method:src/ui/include/previewmanager.h:PreviewManager.findFirstMatchingEnabledPreview#1"
"proc_8_previewmessagetab","PreviewMessageTab → FindByName","PreviewMessageTab → FindByName","cross_community",5,"['comm_193','comm_194','comm_189']","Method:src/ui/src/previewmessagetab.cpp:PreviewMessageTab#4","Method:src/ui/include/previewmanager.h:PreviewManager.findByName#1"
"proc_9_remapstreamsessionpa","RemapStreamSessionPath → GetPersistable","RemapStreamSessionPath → GetPersistable","cross_community",5,"['comm_113','comm_112','comm_79']","Method:src/ui/src/tabbedcrawlerwidget.cpp:remapStreamSessionPath#2","Method:src/settings/include/persistable.h:Persistable.getPersistable#1"
"proc_10_remapstreamsessionpa","RemapStreamSessionPath → Retrieve","RemapStreamSessionPath → Retrieve","cross_community",5,"['comm_113','comm_112','comm_79']","Method:src/ui/src/tabbedcrawlerwidget.cpp:remapStreamSessionPath#2","Method:src/settings/include/persistable.h:Persistable.retrieve#0"
"proc_11_actiondefinitionfrom","ActionDefinitionFromVariantMap → SetError","ActionDefinitionFromVariantMap → SetError","intra_community",5,"['comm_304']","Function:src/ui/src/actionsconfig.cpp:actionDefinitionFromVariantMap","Function:src/ui/src/actionsconfig.cpp:setError"
"proc_12_actiondefinitionfrom","ActionDefinitionFromVariantMap → BytesToHexString","ActionDefinitionFromVariantMap → BytesToHexString","intra_community",5,"['comm_304']","Function:src/ui/src/actionsconfig.cpp:actionDefinitionFromVariantMap","Function:src/ui/src/actionsconfig.cpp:bytesToHexString"
"proc_13_commandergetcommstat","CommanderGetCommStatus → FindTabById","CommanderGetCommStatus → FindTabById","intra_community",5,"['comm_139']","Method:src/ui/src/mainwindow.cpp:commanderGetCommStatus#1","Method:src/ui/include/tabbedcrawlerwidget.h:TabbedCrawlerWidget.findTabById#1"
"proc_14_commandergetcommstat","CommanderGetCommStatus → CrawlerWidgetByIndex","CommanderGetCommStatus → CrawlerWidgetByIndex","intra_community",5,"['comm_139']","Method:src/ui/src/mainwindow.cpp:commanderGetCommStatus#1","Method:src/ui/src/mainwindow.cpp:crawlerWidgetByIndex#1"
"proc_15_selectportionanddisp","SelectPortionAndDisplayLine → LinesCount","SelectPortionAndDisplayLine → LinesCount","cross_community",5,"['comm_86','comm_309']","Method:src/ui/src/abstractlogview.cpp:selectPortionAndDisplayLine#4","Struct:src/logdata/include/linetypes.h:LinesCount"
"proc_16_selectportionanddisp","SelectPortionAndDisplayLine → VerticalScrollMultiplicator","SelectPortionAndDisplayLine → VerticalScrollMultiplicator","intra_community",5,"['comm_86']","Method:src/ui/src/abstractlogview.cpp:selectPortionAndDisplayLine#4","Method:src/ui/src/abstractlogview.cpp:verticalScrollMultiplicator#0"
"proc_17_executecommanderrequ","ExecuteCommanderRequest → GetPersistable","ExecuteCommanderRequest → GetPersistable","cross_community",4,"['comm_139','comm_79']","Method:src/ui/src/mainwindow.cpp:executeCommanderRequest#1","Method:src/settings/include/persistable.h:Persistable.getPersistable#1"
"proc_18_executecommanderrequ","ExecuteCommanderRequest → Retrieve","ExecuteCommanderRequest → Retrieve","cross_community",4,"['comm_139','comm_79']","Method:src/ui/src/mainwindow.cpp:executeCommanderRequest#1","Method:src/settings/include/persistable.h:Persistable.retrieve#0"
"proc_19_executecommanderrequ","ExecuteCommanderRequest → CurrentCrawlerWidget","ExecuteCommanderRequest → CurrentCrawlerWidget","cross_community",4,"['comm_139','comm_235','comm_227','comm_206']","Method:src/ui/src/mainwindow.cpp:executeCommanderRequest#1","Method:src/ui/src/mainwindow.cpp:currentCrawlerWidget#0"
"proc_20_mainwindow","MainWindow → CurrentCrawlerWidget","MainWindow → CurrentCrawlerWidget","cross_community",4,"['comm_230','comm_95','comm_227','comm_206']","Method:src/ui/src/mainwindow.cpp:MainWindow#1","Method:src/ui/src/mainwindow.cpp:currentCrawlerWidget#0"
"proc_21_scratchpad","ScratchPad → SendTextToClipboard","ScratchPad → SendTextToClipboard","cross_community",4,"['comm_146','comm_148','comm_103']","Method:src/ui/src/scratchpad.cpp:ScratchPad#1","Function:src/utils/include/clipboard.h:sendTextToClipboard"
"proc_22_abstractlogview","AbstractLogView → SendTextToClipboard","AbstractLogView → SendTextToClipboard","cross_community",4,"['comm_106','comm_317','comm_103']","Method:src/ui/src/abstractlogview.cpp:AbstractLogView#3","Function:src/utils/include/clipboard.h:sendTextToClipboard"
"proc_23_abstractlogview","AbstractLogView → Empty","AbstractLogView → Empty","cross_community",4,"['comm_106','comm_317','comm_86']","Method:src/ui/src/abstractlogview.cpp:AbstractLogView#3","Method:src/ui/src/abstractlogview.cpp:LineDrawer.empty#0"
"proc_24_updatedialogfromconf","UpdateDialogFromConfig → End","UpdateDialogFromConfig → End","cross_community",4,"['comm_174','comm_217','comm_60']","Method:src/ui/src/optionsdialog.cpp:updateDialogFromConfig#0","Method:src/ui/src/abstractlogview.cpp:LineChunk.end#0"
"proc_25_run","Run → OptionalString","Run → OptionalString","cross_community",4,"['comm_47','comm_46']","Method:src/app/scenarioheadlessrunner.cpp:run#1","Function:src/app/scenarioheadlessrunner.cpp:optionalString"
"proc_26_run","Run → OptionalInt","Run → OptionalInt","cross_community",4,"['comm_47','comm_46']","Method:src/app/scenarioheadlessrunner.cpp:run#1","Function:src/app/scenarioheadlessrunner.cpp:optionalInt"
"proc_27_run","Run → ParseDataBitsValue","Run → ParseDataBitsValue","cross_community",4,"['comm_47','comm_46']","Method:src/app/scenarioheadlessrunner.cpp:run#1","Function:src/app/scenarioheadlessrunner.cpp:parseDataBitsValue"
"proc_28_startnewstreamfilefo","StartNewStreamFileForTab → CurrentCrawlerWidget","StartNewStreamFileForTab → CurrentCrawlerWidget","cross_community",4,"['comm_139','comm_227','comm_206']","Method:src/ui/src/mainwindow.cpp:startNewStreamFileForTab#1","Method:src/ui/src/mainwindow.cpp:currentCrawlerWidget#0"
"proc_29_predefinedfiltersdia","PredefinedFiltersDialog → DoSetData","PredefinedFiltersDialog → DoSetData","cross_community",4,"['comm_199','comm_153']","Method:src/ui/src/predefinedfiltersdialog.cpp:PredefinedFiltersDialog#1","Method:src/ui/include/viewinterface.h:ViewInterface.doSetData#2"
"proc_30_predefinedfiltersdia","PredefinedFiltersDialog → UpdateUpDownButtons","PredefinedFiltersDialog → UpdateUpDownButtons","intra_community",4,"['comm_199']","Method:src/ui/src/predefinedfiltersdialog.cpp:PredefinedFiltersDialog#1","Method:src/ui/src/predefinedfiltersdialog.cpp:updateUpDownButtons#1"
"proc_31_reloadsession","ReloadSession → TabIdAt","ReloadSession → TabIdAt","intra_community",4,"['comm_139']","Method:src/ui/src/mainwindow.cpp:reloadSession#0","Method:src/ui/include/tabbedcrawlerwidget.h:TabbedCrawlerWidget.tabIdAt#1"
"proc_32_reloadsession","ReloadSession → WindowId","ReloadSession → WindowId","intra_community",4,"['comm_139']","Method:src/ui/src/mainwindow.cpp:reloadSession#0","Method:src/ui/include/session.h:WindowSession.windowId#0"
"proc_33_reloadsession","ReloadSession → WindowIndex","ReloadSession → WindowIndex","intra_community",4,"['comm_139']","Method:src/ui/src/mainwindow.cpp:reloadSession#0","Method:src/ui/include/session.h:WindowSession.windowIndex#0"
"proc_34_reloadsession","ReloadSession → TabDisplayNameAt","ReloadSession → TabDisplayNameAt","intra_community",4,"['comm_139']","Method:src/ui/src/mainwindow.cpp:reloadSession#0","Method:src/ui/include/tabbedcrawlerwidget.h:TabbedCrawlerWidget.tabDisplayNameAt#1"
"proc_35_reloadsession","ReloadSession → ApplicationHasMethod","ReloadSession → ApplicationHasMethod","cross_community",4,"['comm_139','comm_231','comm_226']","Method:src/ui/src/mainwindow.cpp:reloadSession#0","Function:src/ui/src/mainwindow.cpp:applicationHasMethod"
"proc_36_loadingfinishedhandl","LoadingFinishedHandler → LineNumber","LoadingFinishedHandler → LineNumber","intra_community",4,"['comm_201']","Method:src/ui/src/crawlerwidget.cpp:loadingFinishedHandler#1","Struct:src/logdata/include/linetypes.h:LineNumber"
"proc_37_loadingfinishedhandl","LoadingFinishedHandler → IsEmpty","LoadingFinishedHandler → IsEmpty","intra_community",4,"['comm_201']","Method:src/ui/src/crawlerwidget.cpp:loadingFinishedHandler#1","Method:src/ui/include/abstractlogview.h:DigitsBuffer.isEmpty#0"
"proc_38_loadingfinishedhandl","LoadingFinishedHandler → ClearSearch","LoadingFinishedHandler → ClearSearch","intra_community",4,"['comm_201']","Method:src/ui/src/crawlerwidget.cpp:loadingFinishedHandler#1","Method:src/logdata/include/logfiltereddata.h:LogFilteredData.clearSearch#1"
"proc_39_loadingfinishedhandl","LoadingFinishedHandler → UpdateData","LoadingFinishedHandler → UpdateData","intra_community",4,"['comm_201']","Method:src/ui/src/crawlerwidget.cpp:loadingFinishedHandler#1","Method:src/ui/include/abstractlogview.h:AbstractLogView.updateData#0"
"proc_40_run","Run → UseCompressedIndex","Run → UseCompressedIndex","cross_community",4,"['comm_408','comm_382','comm_89']","Method:src/logdata/src/logdataworker.cpp:run#0","Method:src/settings/include/configuration.h:Configuration.useCompressedIndex#0"
"proc_41_run","Run → FastModificationDetection","Run → FastModificationDetection","cross_community",4,"['comm_408','comm_382','comm_89','comm_380']","Method:src/logdata/src/logdataworker.cpp:run#0","Method:src/settings/include/configuration.h:Configuration.fastModificationDetection#0"
"proc_42_crashhandler","CrashHandler → ProcessedReportMarkerPath","CrashHandler → ProcessedReportMarkerPath","cross_community",4,"['comm_468','comm_469']","Method:src/crash_handler/src/crashhandler.cpp:CrashHandler#0","Function:src/crash_handler/src/crashhandler.cpp:processedReportMarkerPath"
"proc_43_crashhandler","CrashHandler → ShowPathInFileExplorer","CrashHandler → ShowPathInFileExplorer","cross_community",4,"['comm_468','comm_469','comm_94']","Method:src/crash_handler/src/crashhandler.cpp:CrashHandler#0","Function:src/utils/include/openfilehelper.h:showPathInFileExplorer"
"proc_44_crashhandler","CrashHandler → Release","CrashHandler → Release","cross_community",4,"['comm_468','comm_469','comm_94','comm_89']","Method:src/crash_handler/src/crashhandler.cpp:CrashHandler#0","Method:src/ui/include/viewtools.h:ElasticHook.release#0"
"proc_45_reloadsession","ReloadSession → QPoint","ReloadSession → QPoint","cross_community",4,"['comm_70','comm_82']","Method:src/app/kloggapp.h:KloggApp.reloadSession#0","Class:src/ui/include/menu.h:QPoint"
"proc_46_paintevent","PaintEvent → IsVisible","PaintEvent → IsVisible","cross_community",4,"['comm_92','comm_101','comm_319','comm_81']","Method:src/ui/src/abstractlogview.cpp:paintEvent#1","Method:src/ui/include/overview.h:Overview.isVisible#0"
"proc_47_regularexpression","RegularExpression → Front","RegularExpression → Front","cross_community",4,"['comm_385','comm_62','comm_367']","Method:src/regex/src/regularexpression.cpp:RegularExpression#1","Method:src/ui/include/highlightedmatch.h:HighlightedMatchRanges.front#0"
"proc_48_regularexpression","RegularExpression → Back","RegularExpression → Back","cross_community",4,"['comm_385','comm_62','comm_86']","Method:src/regex/src/regularexpression.cpp:RegularExpression#1","Method:src/ui/include/highlightedmatch.h:HighlightedMatchRanges.back#0"
"proc_49_restore","Restore → End","Restore → End","cross_community",4,"['comm_130','comm_132','comm_60']","Method:src/ui/src/session.cpp:restore#2","Method:src/ui/src/abstractlogview.cpp:LineChunk.end#0"
"proc_50_responseactionstepdi","ResponseActionStepDialog → CurrentActionId","ResponseActionStepDialog → CurrentActionId","intra_community",4,"['comm_167']","Method:src/ui/src/responseeditdialog.cpp:ResponseActionStepDialog.ResponseActionStepDialog#2","Method:src/ui/src/responseeditdialog.cpp:ResponseActionStepDialog.currentActionId#0"
"proc_51_doregistershortcuts","DoRegisterShortcuts → Hook","DoRegisterShortcuts → Hook","intra_community",4,"['comm_86']","Method:src/ui/src/abstractlogview.cpp:doRegisterShortcuts#0","Method:src/ui/include/viewtools.h:ElasticHook.hook#1"
"proc_52_doregistershortcuts","DoRegisterShortcuts → Empty","DoRegisterShortcuts → Empty","intra_community",4,"['comm_86']","Method:src/ui/src/abstractlogview.cpp:doRegisterShortcuts#0","Method:src/ui/src/abstractlogview.cpp:LineDrawer.empty#0"
"proc_53_doregistershortcuts","DoRegisterShortcuts → Front","DoRegisterShortcuts → Front","cross_community",4,"['comm_86','comm_367']","Method:src/ui/src/abstractlogview.cpp:doRegisterShortcuts#0","Method:src/ui/include/highlightedmatch.h:HighlightedMatchRanges.front#0"
"proc_54_doregistershortcuts","DoRegisterShortcuts → Back","DoRegisterShortcuts → Back","intra_community",4,"['comm_86']","Method:src/ui/src/abstractlogview.cpp:doRegisterShortcuts#0","Method:src/ui/include/highlightedmatch.h:HighlightedMatchRanges.back#0"
"proc_55_doregistershortcuts","DoRegisterShortcuts → LineNumber","DoRegisterShortcuts → LineNumber","intra_community",4,"['comm_86']","Method:src/ui/src/abstractlogview.cpp:doRegisterShortcuts#0","Struct:src/logdata/include/linetypes.h:LineNumber"
"proc_56_addtabbaritem","AddTabBarItem → GetPersistable","AddTabBarItem → GetPersistable","cross_community",4,"['comm_112','comm_79']","Method:src/ui/src/tabbedcrawlerwidget.cpp:addTabBarItem#2","Method:src/settings/include/persistable.h:Persistable.getPersistable#1"
"proc_57_addtabbaritem","AddTabBarItem → Retrieve","AddTabBarItem → Retrieve","cross_community",4,"['comm_112','comm_79']","Method:src/ui/src/tabbedcrawlerwidget.cpp:addTabBarItem#2","Method:src/settings/include/persistable.h:Persistable.retrieve#0"
"proc_58_applyconfiguration","ApplyConfiguration → Sizes","ApplyConfiguration → Sizes","cross_community",4,"['comm_280','comm_275','comm_272']","Method:src/ui/src/crawlerwidget.cpp:applyConfiguration#0","Method:src/ui/src/crawlerwidget.cpp:CrawlerWidgetContext.sizes#0"
"proc_59_main","Main → _load_json_file","Main → _load_json_file","cross_community",4,"['comm_471','comm_472']","Function:src/app/python_runtime/scenario_bootstrap.py:main","Function:src/app/python_runtime/scenario_bootstrap.py:_load_json_file"
"proc_60_main","Main → _utc_now","Main → _utc_now","cross_community",4,"['comm_471','comm_472']","Function:src/app/python_runtime/scenario_bootstrap.py:main","Function:src/app/python_runtime/scenario_bootstrap.py:_utc_now"
"proc_61_main","Main → _load_device_bindings","Main → _load_device_bindings","cross_community",4,"['comm_471','comm_472']","Function:src/app/python_runtime/scenario_bootstrap.py:main","Function:src/app/python_runtime/scenario_bootstrap.py:_load_device_bindings"
"proc_62_scriptstatus","ScriptStatus → ScriptRunStateToString","ScriptStatus → ScriptRunStateToString","cross_community",4,"['comm_139','comm_141']","Method:src/ui/src/scriptsupervisor.cpp:scriptStatus#1","Function:src/ui/src/scriptsupervisor.cpp:scriptRunStateToString"
"proc_63_scriptstatus","ScriptStatus → SubscriptionsPayload","ScriptStatus → SubscriptionsPayload","cross_community",4,"['comm_139','comm_141']","Method:src/ui/src/scriptsupervisor.cpp:scriptStatus#1","Method:src/ui/src/scriptsupervisor.cpp:subscriptionsPayload#1"
"proc_64_scriptstatus","ScriptStatus → End","ScriptStatus → End","cross_community",4,"['comm_139','comm_138','comm_60']","Method:src/ui/src/scriptsupervisor.cpp:scriptStatus#1","Method:src/ui/src/abstractlogview.cpp:LineChunk.end#0"
"proc_65_scriptstatus","ScriptStatus → ResolveTargetInfo","ScriptStatus → ResolveTargetInfo","cross_community",4,"['comm_139','comm_142']","Method:src/ui/src/scriptsupervisor.cpp:scriptStatus#1","Method:src/ui/src/scriptsupervisor.cpp:resolveTargetInfo#2"
"proc_66_scriptstatus","ScriptStatus → Ok","ScriptStatus → Ok","cross_community",4,"['comm_139','comm_142']","Method:src/ui/src/scriptsupervisor.cpp:scriptStatus#1","Method:src/ui/include/commander.h:CommanderResult.ok#0"
"proc_67_scriptsubscriptions","ScriptSubscriptions → End","ScriptSubscriptions → End","cross_community",4,"['comm_139','comm_138','comm_60']","Method:src/ui/src/scriptsupervisor.cpp:scriptSubscriptions#1","Method:src/ui/src/abstractlogview.cpp:LineChunk.end#0"
"proc_68_scriptsubscriptions","ScriptSubscriptions → ResolveTargetInfo","ScriptSubscriptions → ResolveTargetInfo","cross_community",4,"['comm_139','comm_142']","Method:src/ui/src/scriptsupervisor.cpp:scriptSubscriptions#1","Method:src/ui/src/scriptsupervisor.cpp:resolveTargetInfo#2"
"proc_69_scriptsubscriptions","ScriptSubscriptions → Ok","ScriptSubscriptions → Ok","cross_community",4,"['comm_139','comm_142']","Method:src/ui/src/scriptsupervisor.cpp:scriptSubscriptions#1","Method:src/ui/include/commander.h:CommanderResult.ok#0"
"proc_70_currenttabchanged","CurrentTabChanged → GetPersistable","CurrentTabChanged → GetPersistable","cross_community",4,"['comm_139','comm_206','comm_79']","Method:src/ui/src/mainwindow.cpp:currentTabChanged#1","Method:src/settings/include/persistable.h:Persistable.getPersistable#1"
"proc_71_startcomcapturesessi","StartComCaptureSession → CurrentCrawlerWidget","StartComCaptureSession → CurrentCrawlerWidget","cross_community",4,"['comm_231','comm_227','comm_206']","Method:src/ui/src/mainwindow.cpp:startComCaptureSession#3","Method:src/ui/src/mainwindow.cpp:currentCrawlerWidget#0"
"proc_72_closetab","CloseTab → TabIdAt","CloseTab → TabIdAt","intra_community",4,"['comm_139']","Method:src/ui/src/mainwindow.cpp:closeTab#1","Method:src/ui/include/tabbedcrawlerwidget.h:TabbedCrawlerWidget.tabIdAt#1"
"proc_73_closetab","CloseTab → WindowId","CloseTab → WindowId","intra_community",4,"['comm_139']","Method:src/ui/src/mainwindow.cpp:closeTab#1","Method:src/ui/include/session.h:WindowSession.windowId#0"
"proc_74_closetab","CloseTab → WindowIndex","CloseTab → WindowIndex","intra_community",4,"['comm_139']","Method:src/ui/src/mainwindow.cpp:closeTab#1","Method:src/ui/include/session.h:WindowSession.windowIndex#0"
"proc_75_closetab","CloseTab → TabDisplayNameAt","CloseTab → TabDisplayNameAt","intra_community",4,"['comm_139']","Method:src/ui/src/mainwindow.cpp:closeTab#1","Method:src/ui/include/tabbedcrawlerwidget.h:TabbedCrawlerWidget.tabDisplayNameAt#1"
"proc_76_closetab","CloseTab → ApplicationHasMethod","CloseTab → ApplicationHasMethod","cross_community",4,"['comm_139','comm_231','comm_226']","Method:src/ui/src/mainwindow.cpp:closeTab#1","Function:src/ui/src/mainwindow.cpp:applicationHasMethod"
"proc_77_remapstreamsessionpa","RemapStreamSessionPath → TabPathAt","RemapStreamSessionPath → TabPathAt","cross_community",4,"['comm_113','comm_112']","Method:src/ui/src/tabbedcrawlerwidget.cpp:remapStreamSessionPath#2","Method:src/ui/src/tabbedcrawlerwidget.cpp:tabPathAt#1"
"proc_78_remapstreamsessionpa","RemapStreamSessionPath → TabMetadataValue","RemapStreamSessionPath → TabMetadataValue","cross_community",4,"['comm_113','comm_112']","Method:src/ui/src/tabbedcrawlerwidget.cpp:remapStreamSessionPath#2","Method:src/ui/src/tabbedcrawlerwidget.cpp:tabMetadataValue#2"
"proc_79_remapstreamsessionpa","RemapStreamSessionPath → UpdateIcon","RemapStreamSessionPath → UpdateIcon","cross_community",4,"['comm_113','comm_112']","Method:src/ui/src/tabbedcrawlerwidget.cpp:remapStreamSessionPath#2","Method:src/ui/src/tabbedcrawlerwidget.cpp:updateIcon#1"
"proc_80_save","Save → End","Save → End","cross_community",4,"['comm_132','comm_60']","Method:src/ui/src/session.cpp:save#2","Method:src/ui/src/abstractlogview.cpp:LineChunk.end#0"
"proc_81_runglobalscript","RunGlobalScript → PythonExecutableCandidates","RunGlobalScript → PythonExecutableCandidates","cross_community",4,"['comm_139','comm_138']","Method:src/ui/src/scriptsupervisor.cpp:runGlobalScript#1","Function:src/ui/src/scriptsupervisor.cpp:pythonExecutableCandidates"
"proc_82_runglobalscript","RunGlobalScript → RuntimeRoot","RunGlobalScript → RuntimeRoot","cross_community",4,"['comm_139','comm_138']","Method:src/ui/src/scriptsupervisor.cpp:runGlobalScript#1","Method:src/ui/src/scriptsupervisor.cpp:runtimeRoot#0"
"proc_83_restorescriptbinding","RestoreScriptBinding → PythonExecutableCandidates","RestoreScriptBinding → PythonExecutableCandidates","intra_community",4,"['comm_138']","Method:src/ui/src/scriptsupervisor.cpp:restoreScriptBinding#1","Function:src/ui/src/scriptsupervisor.cpp:pythonExecutableCandidates"
"proc_84_restorescriptbinding","RestoreScriptBinding → RuntimeRoot","RestoreScriptBinding → RuntimeRoot","intra_community",4,"['comm_138']","Method:src/ui/src/scriptsupervisor.cpp:restoreScriptBinding#1","Method:src/ui/src/scriptsupervisor.cpp:runtimeRoot#0"
"proc_85_restoreglobalscriptb","RestoreGlobalScriptBinding → PythonExecutableCandidates","RestoreGlobalScriptBinding → PythonExecutableCandidates","intra_community",4,"['comm_138']","Method:src/ui/src/scriptsupervisor.cpp:restoreGlobalScriptBinding#1","Function:src/ui/src/scriptsupervisor.cpp:pythonExecutableCandidates"
"proc_86_restoreglobalscriptb","RestoreGlobalScriptBinding → RuntimeRoot","RestoreGlobalScriptBinding → RuntimeRoot","intra_community",4,"['comm_138']","Method:src/ui/src/scriptsupervisor.cpp:restoreGlobalScriptBinding#1","Method:src/ui/src/scriptsupervisor.cpp:runtimeRoot#0"
"proc_87_closeevent","CloseEvent → TabIdAt","CloseEvent → TabIdAt","cross_community",4,"['comm_14','comm_232','comm_139']","Method:src/ui/src/mainwindow.cpp:closeEvent#1","Method:src/ui/include/tabbedcrawlerwidget.h:TabbedCrawlerWidget.tabIdAt#1"
"proc_88_closeevent","CloseEvent → ApplicationHasMethod","CloseEvent → ApplicationHasMethod","cross_community",4,"['comm_14','comm_232','comm_226']","Method:src/ui/src/mainwindow.cpp:closeEvent#1","Function:src/ui/src/mainwindow.cpp:applicationHasMethod"
"proc_89_removeselectedaction","RemoveSelectedAction → IsVisible","RemoveSelectedAction → IsVisible","cross_community",4,"['comm_251','comm_81']","Method:src/ui/src/importactionsdialog.cpp:removeSelectedAction#0","Method:src/ui/include/overview.h:Overview.isVisible#0"
"proc_90_clearactions","ClearActions → IsVisible","ClearActions → IsVisible","cross_community",4,"['comm_251','comm_81']","Method:src/ui/src/importactionsdialog.cpp:clearActions#0","Method:src/ui/include/overview.h:Overview.isVisible#0"
"proc_91_removeselectedrespon","RemoveSelectedResponse → IsVisible","RemoveSelectedResponse → IsVisible","cross_community",4,"['comm_251','comm_81']","Method:src/ui/src/importactionsdialog.cpp:removeSelectedResponse#0","Method:src/ui/include/overview.h:Overview.isVisible#0"
"proc_92_clearresponses","ClearResponses → IsVisible","ClearResponses → IsVisible","cross_community",4,"['comm_251','comm_81']","Method:src/ui/src/importactionsdialog.cpp:clearResponses#0","Method:src/ui/include/overview.h:Overview.isVisible#0"
"proc_93_excludefromsearch","ExcludeFromSearch → IsChecked","ExcludeFromSearch → IsChecked","cross_community",4,"['comm_201','comm_184','comm_34']","Method:src/ui/src/crawlerwidget.cpp:excludeFromSearch#1","Method:src/ui/src/predefinedfiltersdialog.cpp:CenteredCheckbox.isChecked#0"
"proc_94_actiondefinitionfrom","ActionDefinitionFromVariantMap → ResolveTemplateString","ActionDefinitionFromVariantMap → ResolveTemplateString","cross_community",4,"['comm_304','comm_192']","Function:src/ui/src/actionsconfig.cpp:actionDefinitionFromVariantMap","Function:src/ui/include/previewdecodeutils.h:resolveTemplateString"
"proc_95_actiondefinitionfrom","ActionDefinitionFromVariantMap → DecodeHexStringToBytes","ActionDefinitionFromVariantMap → DecodeHexStringToBytes","cross_community",4,"['comm_304','comm_163']","Function:src/ui/src/actionsconfig.cpp:actionDefinitionFromVariantMap","Function:src/ui/include/previewdecodeutils.h:decodeHexStringToBytes"
"proc_96_dogetlines","DoGetLines → CurrentResultArray","DoGetLines → CurrentResultArray","cross_community",4,"['comm_399','comm_400']","Method:src/logdata/src/logfiltereddata.cpp:doGetLines#2","Method:src/logdata/src/logfiltereddata.cpp:currentResultArray#0"
"proc_97_dogetlines","DoGetLines → LineNumber","DoGetLines → LineNumber","intra_community",4,"['comm_399']","Method:src/logdata/src/logfiltereddata.cpp:doGetLines#2","Struct:src/logdata/include/linetypes.h:LineNumber"
"proc_98_dogetlines","DoGetLines → MaxValue","DoGetLines → MaxValue","cross_community",4,"['comm_399','comm_286']","Method:src/logdata/src/logfiltereddata.cpp:doGetLines#2","Function:src/logdata/include/linetypes.h:maxValue"
"proc_99_dogetlines","DoGetLines → DoGetLineString","DoGetLines → DoGetLineString","intra_community",4,"['comm_399']","Method:src/logdata/src/logfiltereddata.cpp:doGetLines#2","Method:src/logdata/include/abstractlogdata.h:AbstractLogData.doGetLineString#1"
"proc_100_receivemessage","ReceiveMessage → IsPathEqual","ReceiveMessage → IsPathEqual","intra_community",4,"['comm_51']","Method:src/app/messagereceiver.h:MessageReceiver.receiveMessage#1","Method:src/app/messagereceiver.h:MessageReceiver.isPathEqual#2"
"proc_101_receivemessage","ReceiveMessage → CommanderFailure","ReceiveMessage → CommanderFailure","cross_community",4,"['comm_51','comm_139']","Method:src/app/messagereceiver.h:MessageReceiver.receiveMessage#1","Function:src/ui/include/commander.h:commanderFailure"
"proc_102_receivemessage","ReceiveMessage → WriteCommanderResult","ReceiveMessage → WriteCommanderResult","intra_community",4,"['comm_51']","Method:src/app/messagereceiver.h:MessageReceiver.receiveMessage#1","Function:src/ui/include/commander.h:writeCommanderResult"
"proc_103_handlehttpconnection","HandleHttpConnection → Front","HandleHttpConnection → Front","cross_community",4,"['comm_62','comm_367']","Method:src/app/labcontrollerservice.cpp:handleHttpConnection#0","Method:src/ui/include/highlightedmatch.h:HighlightedMatchRanges.front#0"
"proc_104_handlehttpconnection","HandleHttpConnection → Back","HandleHttpConnection → Back","cross_community",4,"['comm_62','comm_86']","Method:src/app/labcontrollerservice.cpp:handleHttpConnection#0","Method:src/ui/include/highlightedmatch.h:HighlightedMatchRanges.back#0"
"proc_105_handlehttpconnection","HandleHttpConnection → HttpReasonPhrase","HandleHttpConnection → HttpReasonPhrase","cross_community",4,"['comm_62','comm_56']","Method:src/app/labcontrollerservice.cpp:handleHttpConnection#0","Function:src/app/labcontrollerservice.cpp:httpReasonPhrase"
"proc_106_clearscriptsubscript","ClearScriptSubscriptions → End","ClearScriptSubscriptions → End","cross_community",4,"['comm_139','comm_138','comm_60']","Method:src/ui/src/scriptsupervisor.cpp:clearScriptSubscriptions#1","Method:src/ui/src/abstractlogview.cpp:LineChunk.end#0"
"proc_107_clearscriptsubscript","ClearScriptSubscriptions → ResolveTargetInfo","ClearScriptSubscriptions → ResolveTargetInfo","cross_community",4,"['comm_139','comm_142']","Method:src/ui/src/scriptsupervisor.cpp:clearScriptSubscriptions#1","Method:src/ui/src/scriptsupervisor.cpp:resolveTargetInfo#2"
"proc_108_clearscriptsubscript","ClearScriptSubscriptions → Ok","ClearScriptSubscriptions → Ok","cross_community",4,"['comm_139','comm_142']","Method:src/ui/src/scriptsupervisor.cpp:clearScriptSubscriptions#1","Method:src/ui/include/commander.h:CommanderResult.ok#0"
"proc_109_savesuite","SaveSuite → SuiteEntryFromItem","SaveSuite → SuiteEntryFromItem","cross_community",4,"['comm_149','comm_153']","Method:src/ui/src/scenariorunnerwindow.cpp:saveSuite#0","Method:src/ui/src/scenariorunnerwindow.cpp:suiteEntryFromItem#1"
"proc_110_savesuite","SaveSuite → SuiteIdForPath","SaveSuite → SuiteIdForPath","intra_community",4,"['comm_149']","Method:src/ui/src/scenariorunnerwindow.cpp:saveSuite#0","Function:src/ui/src/scenariorunnerwindow.cpp:suiteIdForPath"
"proc_111_confirmpattern","ConfirmPattern → DoGetActiveSearchable","ConfirmPattern → DoGetActiveSearchable","intra_community",4,"['comm_178']","Method:src/ui/src/quickfindmux.cpp:confirmPattern#3","Method:src/ui/include/quickfindmux.h:QuickFindMuxSelectorInterface.doGetActiveSearchable#0"
"proc_112_cancelsearch","CancelSearch → DoGetActiveSearchable","CancelSearch → DoGetActiveSearchable","intra_community",4,"['comm_178']","Method:src/ui/src/quickfindmux.cpp:cancelSearch#0","Method:src/ui/include/quickfindmux.h:QuickFindMuxSelectorInterface.doGetActiveSearchable#0"
"proc_113_save","Save → PreviewFieldSourceToString","Save → PreviewFieldSourceToString","intra_community",4,"['comm_187']","Method:src/ui/src/previewrepository.cpp:save#2","Function:src/ui/include/previewconfig.h:previewFieldSourceToString"
"proc_114_save","Save → PreviewBufferTypeToString","Save → PreviewBufferTypeToString","intra_community",4,"['comm_187']","Method:src/ui/src/previewrepository.cpp:save#2","Function:src/ui/include/previewconfig.h:previewBufferTypeToString"
"proc_115_save","Save → PreviewFormatToString","Save → PreviewFormatToString","intra_community",4,"['comm_187']","Method:src/ui/src/previewrepository.cpp:save#2","Function:src/ui/include/previewconfig.h:previewFormatToString"
"proc_116_save","Save → End","Save → End","cross_community",4,"['comm_187','comm_60']","Method:src/ui/src/previewrepository.cpp:save#2","Method:src/ui/src/abstractlogview.cpp:LineChunk.end#0"
"proc_117_importfilters","ImportFilters → DoSetData","ImportFilters → DoSetData","cross_community",4,"['comm_203','comm_199','comm_153']","Method:src/ui/src/predefinedfiltersdialog.cpp:importFilters#0","Method:src/ui/include/viewinterface.h:ViewInterface.doSetData#2"
"proc_118_importfilters","ImportFilters → UpdateUpDownButtons","ImportFilters → UpdateUpDownButtons","cross_community",4,"['comm_203','comm_199']","Method:src/ui/src/predefinedfiltersdialog.cpp:importFilters#0","Method:src/ui/src/predefinedfiltersdialog.cpp:updateUpDownButtons#1"
"proc_119_commandergetcommstat","CommanderGetCommStatus → CurrentCrawlerWidget","CommanderGetCommStatus → CurrentCrawlerWidget","cross_community",4,"['comm_139','comm_206']","Method:src/ui/src/mainwindow.cpp:commanderGetCommStatus#1","Method:src/ui/src/mainwindow.cpp:currentCrawlerWidget#0"
"proc_120_commandergetcommstat","CommanderGetCommStatus → StreamSessionForPath","CommanderGetCommStatus → StreamSessionForPath","intra_community",4,"['comm_139']","Method:src/ui/src/mainwindow.cpp:commanderGetCommStatus#1","Method:src/ui/include/tabbedcrawlerwidget.h:TabbedCrawlerWidget.streamSessionForPath#1"
"proc_121_commandersetfilter","CommanderSetFilter → FindTabById","CommanderSetFilter → FindTabById","cross_community",4,"['comm_242','comm_139']","Method:src/ui/src/mainwindow.cpp:commanderSetFilter#1","Method:src/ui/include/tabbedcrawlerwidget.h:TabbedCrawlerWidget.findTabById#1"
"proc_122_commandersetfilter","CommanderSetFilter → CrawlerWidgetByIndex","CommanderSetFilter → CrawlerWidgetByIndex","cross_community",4,"['comm_242','comm_139']","Method:src/ui/src/mainwindow.cpp:commanderSetFilter#1","Method:src/ui/src/mainwindow.cpp:crawlerWidgetByIndex#1"
"proc_123_applycommanderpredef","ApplyCommanderPredefinedFilter → Clear","ApplyCommanderPredefinedFilter → Clear","cross_community",4,"['comm_282','comm_201']","Method:src/ui/src/crawlerwidget.cpp:applyCommanderPredefinedFilter#3","Method:src/ui/include/savedsearches.h:SavedSearches.clear#0"
"proc_124_applycommanderpredef","ApplyCommanderPredefinedFilter → IsChecked","ApplyCommanderPredefinedFilter → IsChecked","cross_community",4,"['comm_282','comm_201','comm_34']","Method:src/ui/src/crawlerwidget.cpp:applyCommanderPredefinedFilter#3","Method:src/ui/src/predefinedfiltersdialog.cpp:CenteredCheckbox.isChecked#0"
"proc_125_applycommanderpredef","ApplyCommanderPredefinedFilter → SetChecked","ApplyCommanderPredefinedFilter → SetChecked","cross_community",4,"['comm_282','comm_201']","Method:src/ui/src/crawlerwidget.cpp:applyCommanderPredefinedFilter#3","Method:src/ui/src/predefinedfiltersdialog.cpp:CenteredCheckbox.setChecked#1"
"proc_126_applycommanderpredef","ApplyCommanderPredefinedFilter → FilteredView","ApplyCommanderPredefinedFilter → FilteredView","cross_community",4,"['comm_282','comm_201','comm_343']","Method:src/ui/src/crawlerwidget.cpp:applyCommanderPredefinedFilter#3","Class:src/ui/include/filteredview.h:FilteredView"
"proc_127_searchtextchangehand","SearchTextChangeHandler → GetState","SearchTextChangeHandler → GetState","cross_community",4,"['comm_184','comm_201']","Method:src/ui/src/crawlerwidget.cpp:searchTextChangeHandler#1","Method:src/ui/include/crawlerwidget.h:SearchState.getState#0"
"proc_128_searchtextchangehand","SearchTextChangeHandler → SetVisible","SearchTextChangeHandler → SetVisible","cross_community",4,"['comm_184','comm_201','comm_212']","Method:src/ui/src/crawlerwidget.cpp:searchTextChangeHandler#1","Method:src/ui/include/overview.h:Overview.setVisible#1"
"proc_129_searchtextchangehand","SearchTextChangeHandler → IsEmpty","SearchTextChangeHandler → IsEmpty","cross_community",4,"['comm_184','comm_201']","Method:src/ui/src/crawlerwidget.cpp:searchTextChangeHandler#1","Method:src/ui/include/abstractlogview.h:DigitsBuffer.isEmpty#0"
"proc_130_searchtextchangehand","SearchTextChangeHandler → Clear","SearchTextChangeHandler → Clear","cross_community",4,"['comm_184','comm_201']","Method:src/ui/src/crawlerwidget.cpp:searchTextChangeHandler#1","Method:src/ui/include/savedsearches.h:SavedSearches.clear#0"
"proc_131_selectportionanddisp","SelectPortionAndDisplayLine → SetValue","SelectPortionAndDisplayLine → SetValue","intra_community",4,"['comm_86']","Method:src/ui/src/abstractlogview.cpp:selectPortionAndDisplayLine#4","Method:src/ui/include/startupprogress.h:StartupProgress.setValue#3"
"proc_132_main","Main → GetPersistable","Main → GetPersistable","cross_community",3,"['comm_44','comm_79']","Function:src/app/main.cpp:main","Method:src/settings/include/persistable.h:Persistable.getPersistable#1"
"proc_133_main","Main → Retrieve","Main → Retrieve","cross_community",3,"['comm_44','comm_79']","Function:src/app/main.cpp:main","Method:src/settings/include/persistable.h:Persistable.retrieve#0"
"proc_134_executecommanderrequ","ExecuteCommanderRequest → ActivateWindow","ExecuteCommanderRequest → ActivateWindow","cross_community",3,"['comm_139','comm_50']","Method:src/ui/src/mainwindow.cpp:executeCommanderRequest#1","Method:src/app/messagereceiver.h:MessageReceiver.activateWindow#0"
"proc_135_executecommanderrequ","ExecuteCommanderRequest → ExtractArchives","ExecuteCommanderRequest → ExtractArchives","cross_community",3,"['comm_139','comm_244']","Method:src/ui/src/mainwindow.cpp:executeCommanderRequest#1","Method:src/settings/include/configuration.h:Configuration.extractArchives#0"
"proc_136_executecommanderrequ","ExecuteCommanderRequest → Windows","ExecuteCommanderRequest → Windows","cross_community",3,"['comm_139','comm_79']","Method:src/ui/src/mainwindow.cpp:executeCommanderRequest#1","Method:src/ui/include/sessioninfo.h:SessionInfo.windows#0"
"proc_137_executecommanderrequ","ExecuteCommanderRequest → CalculateProgress","ExecuteCommanderRequest → CalculateProgress","cross_community",3,"['comm_139','comm_235','comm_91']","Method:src/ui/src/mainwindow.cpp:executeCommanderRequest#1","Function:src/utils/include/progress.h:calculateProgress"
"proc_138_executecommanderrequ","ExecuteCommanderRequest → SetRange","ExecuteCommanderRequest → SetRange","cross_community",3,"['comm_139','comm_235','comm_244']","Method:src/ui/src/mainwindow.cpp:executeCommanderRequest#1","Method:src/ui/include/startupprogress.h:StartupProgress.setRange#2"
"proc_139_executecommanderrequ","ExecuteCommanderRequest → SetValue","ExecuteCommanderRequest → SetValue","cross_community",3,"['comm_139','comm_235','comm_86']","Method:src/ui/src/mainwindow.cpp:executeCommanderRequest#1","Method:src/ui/include/startupprogress.h:StartupProgress.setValue#3"
"proc_140_main","Main → GetPersistable","Main → GetPersistable","cross_community",3,"['comm_12','comm_79']","Function:tests/ui/qtests_main.cpp:main","Method:src/settings/include/persistable.h:Persistable.getPersistable#1"
"proc_141_main","Main → Retrieve","Main → Retrieve","cross_community",3,"['comm_12','comm_79']","Function:tests/ui/qtests_main.cpp:main","Method:src/settings/include/persistable.h:Persistable.retrieve#0"
"proc_142_quickfindwidget","QuickFindWidget → QToolButton","QuickFindWidget → QToolButton","intra_community",3,"['comm_171']","Method:src/ui/src/quickfindwidget.cpp:QuickFindWidget#1","Class:src/ui/include/quickfindwidget.h:QToolButton"
"proc_143_optionsdialog","OptionsDialog → SetVisible","OptionsDialog → SetVisible","cross_community",3,"['comm_211','comm_212']","Method:src/ui/src/optionsdialog.cpp:OptionsDialog#1","Method:src/ui/include/overview.h:Overview.setVisible#1"
"proc_144_optionsdialog","OptionsDialog → AvailableFonts","OptionsDialog → AvailableFonts","intra_community",3,"['comm_211']","Method:src/ui/src/optionsdialog.cpp:OptionsDialog#1","Method:src/ui/include/fontutils.h:FontUtils.availableFonts#0"
"proc_145_optionsdialog","OptionsDialog → AvailableStyles","OptionsDialog → AvailableStyles","cross_community",3,"['comm_211','comm_213']","Method:src/ui/src/optionsdialog.cpp:OptionsDialog#1","Method:src/settings/include/styles.h:StyleManager.availableStyles#0"
"proc_146_mainwindow","MainWindow → QuickFindPattern","MainWindow → QuickFindPattern","intra_community",3,"['comm_230']","Method:src/ui/src/mainwindow.cpp:MainWindow#1","Method:src/ui/include/session.h:Session.quickFindPattern#0"
"proc_147_mainwindow","MainWindow → QAction","MainWindow → QAction","cross_community",3,"['comm_230','comm_95','comm_234']","Method:src/ui/src/mainwindow.cpp:MainWindow#1","Class:src/ui/include/mainwindow.h:QAction"
"proc_148_mainwindow","MainWindow → SetVisible","MainWindow → SetVisible","cross_community",3,"['comm_230','comm_95','comm_212']","Method:src/ui/src/mainwindow.cpp:MainWindow#1","Method:src/ui/include/overview.h:Overview.setVisible#1"
"proc_149_mainwindow","MainWindow → AllowMultipleWindows","MainWindow → AllowMultipleWindows","cross_community",3,"['comm_230','comm_95','comm_238']","Method:src/ui/src/mainwindow.cpp:MainWindow#1","Method:src/settings/include/configuration.h:Configuration.allowMultipleWindows#0"
"proc_150_mainwindow","MainWindow → HighlightersMenu","MainWindow → HighlightersMenu","cross_community",3,"['comm_230','comm_214']","Method:src/ui/src/mainwindow.cpp:MainWindow#1","Class:src/ui/include/mainwindow.h:HighlightersMenu"
"proc_151_mainwindow","MainWindow → SetApplyChange","MainWindow → SetApplyChange","cross_community",3,"['comm_230','comm_214']","Method:src/ui/src/mainwindow.cpp:MainWindow#1","Method:src/ui/include/highlightersmenu.h:HighlightersMenu.setApplyChange#1"
"proc_152_mainwindow","MainWindow → ApplyConfiguration","MainWindow → ApplyConfiguration","cross_community",3,"['comm_230','comm_214','comm_237']","Method:src/ui/src/mainwindow.cpp:MainWindow#1","Method:src/ui/include/crawlerwidget.h:CrawlerWidget.applyConfiguration#0"
"proc_153_mainwindow","MainWindow → PathLine","MainWindow → PathLine","cross_community",3,"['comm_230','comm_212']","Method:src/ui/src/mainwindow.cpp:MainWindow#1","Class:src/ui/include/pathline.h:PathLine"
"proc_154_mainwindow","MainWindow → QLabel","MainWindow → QLabel","cross_community",3,"['comm_230','comm_212','comm_200']","Method:src/ui/src/mainwindow.cpp:MainWindow#1","Class:src/ui/include/mainwindow.h:QLabel"
"proc_155_scratchpad","ScratchPad → End","ScratchPad → End","cross_community",3,"['comm_146','comm_60']","Method:src/ui/src/scratchpad.cpp:ScratchPad#1","Method:src/ui/src/abstractlogview.cpp:LineChunk.end#0"
"proc_156_abstractlogview","AbstractLogView → QAction","AbstractLogView → QAction","cross_community",3,"['comm_106','comm_317']","Method:src/ui/src/abstractlogview.cpp:AbstractLogView#3","Class:src/ui/include/abstractlogview.h:QAction"
"proc_157_highlightersdialog","HighlightersDialog → GetPersistable","HighlightersDialog → GetPersistable","cross_community",3,"['comm_96','comm_79']","Method:src/ui/src/highlightersdialog.cpp:HighlightersDialog#1","Method:src/settings/include/persistable.h:Persistable.getPersistable#1"
"proc_158_highlightersdialog","HighlightersDialog → Retrieve","HighlightersDialog → Retrieve","cross_community",3,"['comm_96','comm_79']","Method:src/ui/src/highlightersdialog.cpp:HighlightersDialog#1","Method:src/settings/include/persistable.h:Persistable.retrieve#0"
"proc_159_highlightersdialog","HighlightersDialog → As_const","HighlightersDialog → As_const","cross_community",3,"['comm_96','comm_102']","Method:src/ui/src/highlightersdialog.cpp:HighlightersDialog#1","Function:src/utils/include/containers.h:as_const"
"proc_160_highlightersdialog","HighlightersDialog → QListWidgetItem","HighlightersDialog → QListWidgetItem","cross_community",3,"['comm_96','comm_102','comm_64']","Method:src/ui/src/highlightersdialog.cpp:HighlightersDialog#1","Class:src/ui/include/scenariorunnerwindow.h:QListWidgetItem"
"proc_161_highlightersdialog","HighlightersDialog → Name","HighlightersDialog → Name","cross_community",3,"['comm_96','comm_102']","Method:src/ui/src/highlightersdialog.cpp:HighlightersDialog#1","Method:src/ui/include/highlighterset.h:HighlighterSet.name#0"
"proc_162_highlightersdialog","HighlightersDialog → DispatchToObject","HighlightersDialog → DispatchToObject","intra_community",3,"['comm_96']","Method:src/ui/src/highlightersdialog.cpp:HighlightersDialog#1","Function:src/utils/include/dispatch_to.h:dispatchToObject"
"proc_163_updatedialogfromconf","UpdateDialogFromConfig → Clear","UpdateDialogFromConfig → Clear","cross_community",3,"['comm_174','comm_217','comm_201']","Method:src/ui/src/optionsdialog.cpp:updateDialogFromConfig#0","Method:src/ui/include/savedsearches.h:SavedSearches.clear#0"
"proc_164_run","Run → LoadJsonObject","Run → LoadJsonObject","cross_community",3,"['comm_47','comm_46']","Method:src/app/scenarioheadlessrunner.cpp:run#1","Function:src/app/scenarioheadlessrunner.cpp:loadJsonObject"
"proc_165_run","Run → End","Run → End","cross_community",3,"['comm_47','comm_46','comm_60']","Method:src/app/scenarioheadlessrunner.cpp:run#1","Method:src/ui/src/abstractlogview.cpp:LineChunk.end#0"
"proc_166_run","Run → ParityToString","Run → ParityToString","cross_community",3,"['comm_47','comm_48']","Method:src/app/scenarioheadlessrunner.cpp:run#1","Function:src/app/scenarioheadlessrunner.cpp:parityToString"
"proc_167_run","Run → StopBitsToString","Run → StopBitsToString","cross_community",3,"['comm_47','comm_48']","Method:src/app/scenarioheadlessrunner.cpp:run#1","Function:src/app/scenarioheadlessrunner.cpp:stopBitsToString"
"proc_168_run","Run → FlowControlToString","Run → FlowControlToString","cross_community",3,"['comm_47','comm_48']","Method:src/app/scenarioheadlessrunner.cpp:run#1","Function:src/app/scenarioheadlessrunner.cpp:flowControlToString"
"proc_169_mousepressevent","MousePressEvent → Size","MousePressEvent → Size","intra_community",3,"['comm_86']","Method:src/ui/src/abstractlogview.cpp:mousePressEvent#1","Method:src/ui/src/abstractlogview.cpp:LineChunk.size#0"
"proc_170_mousepressevent","MousePressEvent → Empty","MousePressEvent → Empty","intra_community",3,"['comm_86']","Method:src/ui/src/abstractlogview.cpp:mousePressEvent#1","Method:src/ui/src/abstractlogview.cpp:LineDrawer.empty#0"
"proc_171_mousepressevent","MousePressEvent → LineNumber","MousePressEvent → LineNumber","intra_community",3,"['comm_86']","Method:src/ui/src/abstractlogview.cpp:mousePressEvent#1","Struct:src/logdata/include/linetypes.h:LineNumber"
"proc_172_mousepressevent","MousePressEvent → UnwrappedLine","MousePressEvent → UnwrappedLine","intra_community",3,"['comm_86']","Method:src/ui/src/abstractlogview.cpp:mousePressEvent#1","Method:src/ui/include/wrappedstring.h:WrappedString.unwrappedLine#0"
"proc_173_predefinedfiltersdia","PredefinedFiltersDialog → CenteredCheckbox","PredefinedFiltersDialog → CenteredCheckbox","intra_community",3,"['comm_199']","Method:src/ui/src/predefinedfiltersdialog.cpp:PredefinedFiltersDialog#1","Class:src/ui/src/predefinedfiltersdialog.cpp:CenteredCheckbox"
"proc_174_predefinedfiltersdia","PredefinedFiltersDialog → SetChecked","PredefinedFiltersDialog → SetChecked","cross_community",3,"['comm_199','comm_201']","Method:src/ui/src/predefinedfiltersdialog.cpp:PredefinedFiltersDialog#1","Method:src/ui/src/predefinedfiltersdialog.cpp:CenteredCheckbox.setChecked#1"
"proc_175_predefinedfiltersdia","PredefinedFiltersDialog → GetPersistable","PredefinedFiltersDialog → GetPersistable","cross_community",3,"['comm_199','comm_79']","Method:src/ui/src/predefinedfiltersdialog.cpp:PredefinedFiltersDialog#1","Method:src/settings/include/persistable.h:Persistable.getPersistable#1"
"proc_176_predefinedfiltersdia","PredefinedFiltersDialog → Retrieve","PredefinedFiltersDialog → Retrieve","cross_community",3,"['comm_199','comm_79']","Method:src/ui/src/predefinedfiltersdialog.cpp:PredefinedFiltersDialog#1","Method:src/settings/include/persistable.h:Persistable.retrieve#0"
"proc_177_main","Main → GetPersistable","Main → GetPersistable","cross_community",3,"['comm_7','comm_79']","Function:src/app/klogg_grep.cpp:main","Method:src/settings/include/persistable.h:Persistable.getPersistable#1"
"proc_178_main","Main → Retrieve","Main → Retrieve","cross_community",3,"['comm_7','comm_79']","Function:src/app/klogg_grep.cpp:main","Method:src/settings/include/persistable.h:Persistable.retrieve#0"
"proc_179_reloadsession","ReloadSession → NativeFileWatchEnabled","ReloadSession → NativeFileWatchEnabled","cross_community",3,"['comm_139','comm_241']","Method:src/ui/src/mainwindow.cpp:reloadSession#0","Method:src/settings/include/configuration.h:Configuration.nativeFileWatchEnabled#0"
"proc_180_reloadsession","ReloadSession → PollingEnabled","ReloadSession → PollingEnabled","cross_community",3,"['comm_139','comm_241']","Method:src/ui/src/mainwindow.cpp:reloadSession#0","Method:src/settings/include/configuration.h:Configuration.pollingEnabled#0"
"proc_181_loadingfinishedhandl","LoadingFinishedHandler → Advance","LoadingFinishedHandler → Advance","intra_community",3,"['comm_201']","Method:src/ui/src/crawlerwidget.cpp:loadingFinishedHandler#1","Method:src/ui/include/startupprogress.h:StartupProgress.advance#3"
"proc_182_run","Run → SetEncodingGuess","Run → SetEncodingGuess","cross_community",3,"['comm_408','comm_382','comm_91']","Method:src/logdata/src/logdataworker.cpp:run#0","Method:src/logdata/src/logdataworker.cpp:setEncodingGuess#1"
"proc_183_run","Run → SetProgress","Run → SetProgress","cross_community",3,"['comm_408','comm_382','comm_91']","Method:src/logdata/src/logdataworker.cpp:run#0","Method:src/logdata/src/logdataworker.cpp:setProgress#1"
"proc_184_run","Run → GetForcedEncoding","Run → GetForcedEncoding","cross_community",3,"['comm_408','comm_382','comm_409']","Method:src/logdata/src/logdataworker.cpp:run#0","Method:src/logdata/src/logdataworker.cpp:getForcedEncoding#0"
"proc_185_run","Run → DispatchToThread","Run → DispatchToThread","cross_community",3,"['comm_408','comm_97']","Method:src/logdata/src/logdataworker.cpp:run#0","Function:src/utils/include/dispatch_to.h:dispatchToThread"
"proc_186_crashhandler","CrashHandler → ReportIssue","CrashHandler → ReportIssue","cross_community",3,"['comm_468','comm_469']","Method:src/crash_handler/src/crashhandler.cpp:CrashHandler#0","Method:src/crash_handler/include/issuereporter.h:IssueReporter.reportIssue#3"
"proc_187_predefinedfilterscom","PredefinedFiltersComboBox → SetTitle","PredefinedFiltersComboBox → SetTitle","intra_community",3,"['comm_204']","Method:src/ui/src/predefinedfilterscombobox.cpp:PredefinedFiltersComboBox#1","Method:src/ui/src/predefinedfilterscombobox.cpp:setTitle#1"
"proc_188_updatefilteredview","UpdateFilteredView → GetState","UpdateFilteredView → GetState","intra_community",3,"['comm_201']","Method:src/ui/src/crawlerwidget.cpp:updateFilteredView#3","Method:src/ui/include/crawlerwidget.h:SearchState.getState#0"
"proc_189_updatefilteredview","UpdateFilteredView → SetVisible","UpdateFilteredView → SetVisible","cross_community",3,"['comm_201','comm_212']","Method:src/ui/src/crawlerwidget.cpp:updateFilteredView#3","Method:src/ui/include/overview.h:Overview.setVisible#1"
"proc_190_updatefilteredview","UpdateFilteredView → IsEmpty","UpdateFilteredView → IsEmpty","intra_community",3,"['comm_201']","Method:src/ui/src/crawlerwidget.cpp:updateFilteredView#3","Method:src/ui/include/abstractlogview.h:DigitsBuffer.isEmpty#0"
"proc_191_updatefilteredview","UpdateFilteredView → Clear","UpdateFilteredView → Clear","intra_community",3,"['comm_201']","Method:src/ui/src/crawlerwidget.cpp:updateFilteredView#3","Method:src/ui/include/savedsearches.h:SavedSearches.clear#0"
"proc_192_executeresponsedefin","ExecuteResponseDefinition → SetError","ExecuteResponseDefinition → SetError","intra_community",3,"['comm_113']","Function:src/ui/src/actionruntime.cpp:executeResponseDefinition","Function:src/ui/src/actionruntime.cpp:setError"
"proc_193_executeresponsedefin","ExecuteResponseDefinition → ActionDefinitionToBytes","ExecuteResponseDefinition → ActionDefinitionToBytes","intra_community",3,"['comm_113']","Function:src/ui/src/actionruntime.cpp:executeResponseDefinition","Function:src/ui/include/actionsconfig.h:actionDefinitionToBytes"
"proc_194_executeresponsedefin","ExecuteResponseDefinition → EffectiveRepeatCount","ExecuteResponseDefinition → EffectiveRepeatCount","intra_community",3,"['comm_113']","Function:src/ui/src/actionruntime.cpp:executeResponseDefinition","Function:src/ui/src/actionruntime.cpp:effectiveRepeatCount"
"proc_195_executeresponsedefin","ExecuteResponseDefinition → NotifyActionSend","ExecuteResponseDefinition → NotifyActionSend","intra_community",3,"['comm_113']","Function:src/ui/src/actionruntime.cpp:executeResponseDefinition","Method:src/ui/include/streamsession.h:StreamSession.notifyActionSend#4"
"proc_196_reloadsession","ReloadSession → MainWindow","ReloadSession → MainWindow","cross_community",3,"['comm_70','comm_82']","Method:src/app/kloggapp.h:KloggApp.reloadSession#0","Class:src/ui/include/mainwindow.h:MainWindow"
"proc_197_reloadsession","ReloadSession → Back","ReloadSession → Back","cross_community",3,"['comm_70','comm_82','comm_86']","Method:src/app/kloggapp.h:KloggApp.reloadSession#0","Method:src/ui/include/highlightedmatch.h:HighlightedMatchRanges.back#0"
"proc_198_reloadsession","ReloadSession → ApplyAutomationGeometry","ReloadSession → ApplyAutomationGeometry","cross_community",3,"['comm_70','comm_82']","Method:src/app/kloggapp.h:KloggApp.reloadSession#0","Method:src/app/kloggapp.h:KloggApp.applyAutomationGeometry#1"
"proc_199_showcontextmenu","ShowContextMenu → TabPathAt","ShowContextMenu → TabPathAt","intra_community",3,"['comm_112']","Method:src/ui/src/tabbedcrawlerwidget.cpp:showContextMenu#2","Method:src/ui/src/tabbedcrawlerwidget.cpp:tabPathAt#1"
"proc_200_showcontextmenu","ShowContextMenu → End","ShowContextMenu → End","cross_community",3,"['comm_112','comm_60']","Method:src/ui/src/tabbedcrawlerwidget.cpp:showContextMenu#2","Method:src/ui/src/abstractlogview.cpp:LineChunk.end#0"
"proc_201_paintevent","PaintEvent → PixmapPainter","PaintEvent → PixmapPainter","cross_community",3,"['comm_92','comm_101','comm_309']","Method:src/ui/src/abstractlogview.cpp:paintEvent#1","Function:src/ui/src/abstractlogview.cpp:pixmapPainter"
"proc_202_paintevent","PaintEvent → CurrentActiveSet","PaintEvent → CurrentActiveSet","cross_community",3,"['comm_92','comm_101']","Method:src/ui/src/abstractlogview.cpp:paintEvent#1","Method:src/ui/include/highlighterset.h:HighlighterSetCollection.currentActiveSet#0"
"proc_203_paintevent","PaintEvent → QuickHighlighters","PaintEvent → QuickHighlighters","cross_community",3,"['comm_92','comm_101','comm_292']","Method:src/ui/src/abstractlogview.cpp:paintEvent#1","Method:src/ui/include/highlighterset.h:HighlighterSetCollection.quickHighlighters#0"
"proc_204_regularexpression","RegularExpression → Id","RegularExpression → Id","intra_community",3,"['comm_385']","Method:src/regex/src/regularexpression.cpp:RegularExpression#1","Method:src/regex/include/regularexpressionpattern.h:RegularExpressionPattern.id#0"
"proc_205_regularexpression","RegularExpression → Match","RegularExpression → Match","cross_community",3,"['comm_385','comm_384']","Method:src/regex/src/regularexpression.cpp:RegularExpression#1","Method:src/regex/src/regularexpression.cpp:match#1"
"proc_206_restore","Restore → GetPersistable","Restore → GetPersistable","cross_community",3,"['comm_130','comm_79']","Method:src/ui/src/session.cpp:restore#2","Method:src/settings/include/persistable.h:Persistable.getPersistable#1"
"proc_207_restore","Restore → Retrieve","Restore → Retrieve","cross_community",3,"['comm_130','comm_79']","Method:src/ui/src/session.cpp:restore#2","Method:src/settings/include/persistable.h:Persistable.retrieve#0"
"proc_208_main","Main → GetPersistable","Main → GetPersistable","cross_community",3,"['comm_7','comm_79']","Function:tests/unit/tests_main.cpp:main","Method:src/settings/include/persistable.h:Persistable.getPersistable#1"
"proc_209_main","Main → Retrieve","Main → Retrieve","cross_community",3,"['comm_7','comm_79']","Function:tests/unit/tests_main.cpp:main","Method:src/settings/include/persistable.h:Persistable.retrieve#0"
"proc_210_previewmessagetab","PreviewMessageTab → QComboBox","PreviewMessageTab → QComboBox","intra_community",3,"['comm_193']","Method:src/ui/src/previewmessagetab.cpp:PreviewMessageTab#4","Class:src/ui/include/previewmessagetab.h:QComboBox"
"proc_211_previewmessagetab","PreviewMessageTab → QHBoxLayout","PreviewMessageTab → QHBoxLayout","cross_community",3,"['comm_193','comm_200']","Method:src/ui/src/previewmessagetab.cpp:PreviewMessageTab#4","Class:src/ui/include/quickfindwidget.h:QHBoxLayout"
"proc_212_previewmessagetab","PreviewMessageTab → QTreeWidget","PreviewMessageTab → QTreeWidget","intra_community",3,"['comm_193']","Method:src/ui/src/previewmessagetab.cpp:PreviewMessageTab#4","Class:src/ui/include/previewmessagetab.h:QTreeWidget"
"proc_213_previewmessagetab","PreviewMessageTab → QGroupBox","PreviewMessageTab → QGroupBox","intra_community",3,"['comm_193']","Method:src/ui/src/previewmessagetab.cpp:PreviewMessageTab#4","Class:src/ui/include/previewmessagetab.h:QGroupBox"
"proc_214_previewmessagetab","PreviewMessageTab → IsVisible","PreviewMessageTab → IsVisible","cross_community",3,"['comm_193','comm_81']","Method:src/ui/src/previewmessagetab.cpp:PreviewMessageTab#4","Method:src/ui/include/overview.h:Overview.isVisible#0"
"proc_215_updatedata","UpdateData → MaxValue","UpdateData → MaxValue","cross_community",3,"['comm_309','comm_286']","Method:src/ui/src/abstractlogview.cpp:updateData#0","Function:src/logdata/include/linetypes.h:maxValue"
"proc_216_hsregularexpression","HsRegularExpression → AcceleratedBackendName","HsRegularExpression → AcceleratedBackendName","intra_community",3,"['comm_387']","Method:src/regex/src/hsregularexpression.cpp:HsRegularExpression#1","Function:src/regex/src/hsregularexpression.cpp:acceleratedBackendName"
"proc_217_hsregularexpression","HsRegularExpression → TargetArchitectureName","HsRegularExpression → TargetArchitectureName","intra_community",3,"['comm_387']","Method:src/regex/src/hsregularexpression.cpp:HsRegularExpression#1","Function:src/regex/src/hsregularexpression.cpp:targetArchitectureName"
"proc_218_hsregularexpression","HsRegularExpression → SupportedCpuInstructions","HsRegularExpression → SupportedCpuInstructions","cross_community",3,"['comm_387','comm_99']","Method:src/regex/src/hsregularexpression.cpp:HsRegularExpression#1","Function:src/utils/include/cpu_info.h:supportedCpuInstructions"
"proc_219_hsregularexpression","HsRegularExpression → HasRequiredInstructions","HsRegularExpression → HasRequiredInstructions","cross_community",3,"['comm_387','comm_99']","Method:src/regex/src/hsregularexpression.cpp:HsRegularExpression#1","Function:src/utils/include/cpu_info.h:hasRequiredInstructions"
"proc_220_handleagentdisconnec","HandleAgentDisconnected → ControllerDatabase","HandleAgentDisconnected → ControllerDatabase","intra_community",3,"['comm_56']","Method:src/app/labcontrollerservice.cpp:handleAgentDisconnected#0","Function:src/app/labcontrollerservice.cpp:controllerDatabase"
"proc_221_handleagentdisconnec","HandleAgentDisconnected → NowUtcString","HandleAgentDisconnected → NowUtcString","intra_community",3,"['comm_56']","Method:src/app/labcontrollerservice.cpp:handleAgentDisconnected#0","Function:src/app/labcontrollerservice.cpp:nowUtcString"
"proc_222_handleagentdisconnec","HandleAgentDisconnected → ExecQuery","HandleAgentDisconnected → ExecQuery","intra_community",3,"['comm_56']","Method:src/app/labcontrollerservice.cpp:handleAgentDisconnected#0","Function:src/app/labcontrollerservice.cpp:execQuery"
"proc_223_doregistershortcuts","DoRegisterShortcuts → Shortcuts","DoRegisterShortcuts → Shortcuts","cross_community",3,"['comm_86','comm_275']","Method:src/ui/src/abstractlogview.cpp:doRegisterShortcuts#0","Method:src/settings/include/configuration.h:Configuration.shortcuts#0"
"proc_224_doregistershortcuts","DoRegisterShortcuts → LinesCount","DoRegisterShortcuts → LinesCount","intra_community",3,"['comm_86']","Method:src/ui/src/abstractlogview.cpp:doRegisterShortcuts#0","Struct:src/logdata/include/linetypes.h:LinesCount"
"proc_225_runscenario","RunScenario → ResetSocketState","RunScenario → ResetSocketState","cross_community",3,"['comm_139','comm_157']","Method:src/ui/src/scenariorunner.cpp:runScenario#1","Method:src/ui/src/scenariorunner.cpp:resetSocketState#0"
"proc_226_runsuite","RunSuite → ResetSocketState","RunSuite → ResetSocketState","cross_community",3,"['comm_139','comm_157']","Method:src/ui/src/scenariorunner.cpp:runSuite#1","Method:src/ui/src/scenariorunner.cpp:resetSocketState#0"
"proc_227_addtabbaritem","AddTabBarItem → TabPathAt","AddTabBarItem → TabPathAt","intra_community",3,"['comm_112']","Method:src/ui/src/tabbedcrawlerwidget.cpp:addTabBarItem#2","Method:src/ui/src/tabbedcrawlerwidget.cpp:tabPathAt#1"
"proc_228_addtabbaritem","AddTabBarItem → TabMetadataValue","AddTabBarItem → TabMetadataValue","intra_community",3,"['comm_112']","Method:src/ui/src/tabbedcrawlerwidget.cpp:addTabBarItem#2","Method:src/ui/src/tabbedcrawlerwidget.cpp:tabMetadataValue#2"
"proc_229_addtabbaritem","AddTabBarItem → UpdateIcon","AddTabBarItem → UpdateIcon","intra_community",3,"['comm_112']","Method:src/ui/src/tabbedcrawlerwidget.cpp:addTabBarItem#2","Method:src/ui/src/tabbedcrawlerwidget.cpp:updateIcon#1"
"proc_230_addtabbaritem","AddTabBarItem → SetVisible","AddTabBarItem → SetVisible","cross_community",3,"['comm_112','comm_111','comm_212']","Method:src/ui/src/tabbedcrawlerwidget.cpp:addTabBarItem#2","Method:src/ui/include/overview.h:Overview.setVisible#1"
"proc_231_runscript","RunScript → ResolveTargetInfo","RunScript → ResolveTargetInfo","cross_community",3,"['comm_138','comm_142']","Method:src/ui/src/scriptsupervisor.cpp:runScript#1","Method:src/ui/src/scriptsupervisor.cpp:resolveTargetInfo#2"
"proc_232_runscript","RunScript → Ok","RunScript → Ok","cross_community",3,"['comm_138','comm_142']","Method:src/ui/src/scriptsupervisor.cpp:runScript#1","Method:src/ui/include/commander.h:CommanderResult.ok#0"
"proc_233_runscript","RunScript → End","RunScript → End","cross_community",3,"['comm_138','comm_60']","Method:src/ui/src/scriptsupervisor.cpp:runScript#1","Method:src/ui/src/abstractlogview.cpp:LineChunk.end#0"
"proc_234_handleprocessfinishe","HandleProcessFinished → AppendOutputLine","HandleProcessFinished → AppendOutputLine","cross_community",3,"['comm_157','comm_155']","Method:src/ui/src/scenariorunner.cpp:handleProcessFinished#2","Method:src/ui/src/scenariorunner.cpp:appendOutputLine#1"
"proc_235_handleprocessfinishe","HandleProcessFinished → TrimTrailingNewline","HandleProcessFinished → TrimTrailingNewline","cross_community",3,"['comm_157','comm_155']","Method:src/ui/src/scenariorunner.cpp:handleProcessFinished#2","Function:src/ui/src/scenariorunner.cpp:trimTrailingNewline"
"proc_236_sendactionbyid","SendActionById → CurrentCrawlerWidget","SendActionById → CurrentCrawlerWidget","cross_community",3,"['comm_239','comm_139','comm_206']","Method:src/ui/src/mainwindow.cpp:sendActionById#1","Method:src/ui/src/mainwindow.cpp:currentCrawlerWidget#0"
"proc_237_sendactionbyid","SendActionById → StreamSessionForPath","SendActionById → StreamSessionForPath","cross_community",3,"['comm_239','comm_139']","Method:src/ui/src/mainwindow.cpp:sendActionById#1","Method:src/ui/include/tabbedcrawlerwidget.h:TabbedCrawlerWidget.streamSessionForPath#1"
"proc_238_editsearchhistory","EditSearchHistory → GetPersistable","EditSearchHistory → GetPersistable","cross_community",3,"['comm_201','comm_79']","Method:src/ui/src/crawlerwidget.cpp:editSearchHistory#0","Method:src/settings/include/persistable.h:Persistable.getPersistable#1"
"proc_239_editsearchhistory","EditSearchHistory → Retrieve","EditSearchHistory → Retrieve","cross_community",3,"['comm_201','comm_79']","Method:src/ui/src/crawlerwidget.cpp:editSearchHistory#0","Method:src/settings/include/persistable.h:Persistable.retrieve#0"
"proc_240_applyconfiguration","ApplyConfiguration → Clear","ApplyConfiguration → Clear","cross_community",3,"['comm_280','comm_275','comm_201']","Method:src/ui/src/crawlerwidget.cpp:applyConfiguration#0","Method:src/ui/include/savedsearches.h:SavedSearches.clear#0"
"proc_241_applyconfiguration","ApplyConfiguration → Shortcuts","ApplyConfiguration → Shortcuts","cross_community",3,"['comm_280','comm_275']","Method:src/ui/src/crawlerwidget.cpp:applyConfiguration#0","Method:src/settings/include/configuration.h:Configuration.shortcuts#0"
"proc_242_applyconfiguration","ApplyConfiguration → RegisterShortcut","ApplyConfiguration → RegisterShortcut","cross_community",3,"['comm_280','comm_275','comm_233']","Method:src/ui/src/crawlerwidget.cpp:applyConfiguration#0","Method:src/settings/include/shortcuts.h:ShortcutAction.registerShortcut#6"
"proc_243_createresponse","CreateResponse → NextDefinitionId","CreateResponse → NextDefinitionId","intra_community",3,"['comm_302']","Method:src/ui/src/actionsmanager.cpp:createResponse#2","Function:src/ui/src/actionsmanager.cpp:nextDefinitionId"
"proc_244_createresponse","CreateResponse → SetError","CreateResponse → SetError","intra_community",3,"['comm_302']","Method:src/ui/src/actionsmanager.cpp:createResponse#2","Function:src/ui/src/actionsmanager.cpp:setError"
"proc_245_handlesearchprogress","HandleSearchProgressed → LineNumber","HandleSearchProgressed → LineNumber","intra_community",3,"['comm_240']","Method:src/logdata/src/logfiltereddata.cpp:handleSearchProgressed#4","Struct:src/logdata/include/linetypes.h:LineNumber"
"proc_246_handlesearchprogress","HandleSearchProgressed → UseSearchResultsCache","HandleSearchProgressed → UseSearchResultsCache","cross_community",3,"['comm_240','comm_174']","Method:src/logdata/src/logfiltereddata.cpp:handleSearchProgressed#4","Method:src/settings/include/configuration.h:Configuration.useSearchResultsCache#0"
"proc_247_handlesearchprogress","HandleSearchProgressed → SearchResultsCacheLines","HandleSearchProgressed → SearchResultsCacheLines","cross_community",3,"['comm_240','comm_174']","Method:src/logdata/src/logfiltereddata.cpp:handleSearchProgressed#4","Method:src/settings/include/configuration.h:Configuration.searchResultsCacheLines#0"
"proc_248_restoreglobalscriptb","RestoreGlobalScriptBindingFromSession → GetPersistable","RestoreGlobalScriptBindingFromSession → GetPersistable","intra_community",3,"['comm_79']","Method:src/app/kloggapp.h:KloggApp.restoreGlobalScriptBindingFromSession#0","Method:src/settings/include/persistable.h:Persistable.getPersistable#1"
"proc_249_restoreglobalscriptb","RestoreGlobalScriptBindingFromSession → Retrieve","RestoreGlobalScriptBindingFromSession → Retrieve","intra_community",3,"['comm_79']","Method:src/app/kloggapp.h:KloggApp.restoreGlobalScriptBindingFromSession#0","Method:src/settings/include/persistable.h:Persistable.retrieve#0"
"proc_250_processagentmessage","ProcessAgentMessage → ControllerDatabase","ProcessAgentMessage → ControllerDatabase","intra_community",3,"['comm_56']","Method:src/app/labcontrollerservice.cpp:processAgentMessage#2","Function:src/app/labcontrollerservice.cpp:controllerDatabase"
"proc_251_processagentmessage","ProcessAgentMessage → VariantListToJson","ProcessAgentMessage → VariantListToJson","intra_community",3,"['comm_56']","Method:src/app/labcontrollerservice.cpp:processAgentMessage#2","Function:src/app/labcontrollerservice.cpp:variantListToJson"
"proc_252_processagentmessage","ProcessAgentMessage → NowUtcString","ProcessAgentMessage → NowUtcString","intra_community",3,"['comm_56']","Method:src/app/labcontrollerservice.cpp:processAgentMessage#2","Function:src/app/labcontrollerservice.cpp:nowUtcString"
"proc_253_processagentmessage","ProcessAgentMessage → VariantMapToJson","ProcessAgentMessage → VariantMapToJson","intra_community",3,"['comm_56']","Method:src/app/labcontrollerservice.cpp:processAgentMessage#2","Function:src/app/labcontrollerservice.cpp:variantMapToJson"
"proc_254_main","Main → _notify_status","Main → _notify_status","cross_community",3,"['comm_471','comm_472']","Function:src/app/python_runtime/scenario_bootstrap.py:main","Function:src/app/python_runtime/scenario_bootstrap.py:_notify_status"
"proc_255_main","Main → _resolve_relative","Main → _resolve_relative","cross_community",3,"['comm_471','comm_472']","Function:src/app/python_runtime/scenario_bootstrap.py:main","Function:src/app/python_runtime/scenario_bootstrap.py:_resolve_relative"
"proc_256_main","Main → _disabled_result","Main → _disabled_result","cross_community",3,"['comm_471','comm_472']","Function:src/app/python_runtime/scenario_bootstrap.py:main","Function:src/app/python_runtime/scenario_bootstrap.py:_disabled_result"
"proc_257_stopglobalscript","StopGlobalScript → End","StopGlobalScript → End","cross_community",3,"['comm_139','comm_60']","Method:src/ui/src/scriptsupervisor.cpp:stopGlobalScript#0","Method:src/ui/src/abstractlogview.cpp:LineChunk.end#0"
"proc_258_scriptsubscriptions","ScriptSubscriptions → SubscriptionsPayload","ScriptSubscriptions → SubscriptionsPayload","intra_community",3,"['comm_139']","Method:src/ui/src/scriptsupervisor.cpp:scriptSubscriptions#1","Method:src/ui/src/scriptsupervisor.cpp:subscriptionsPayload#1"
"proc_259_currenttabchanged","CurrentTabChanged → EncodingMib","CurrentTabChanged → EncodingMib","cross_community",3,"['comm_139','comm_38']","Method:src/ui/src/mainwindow.cpp:currentTabChanged#1","Method:src/ui/include/crawlerwidget.h:CrawlerWidget.encodingMib#0"
"proc_260_currenttabchanged","CurrentTabChanged → Actions","CurrentTabChanged → Actions","cross_community",3,"['comm_139','comm_38','comm_294']","Method:src/ui/src/mainwindow.cpp:currentTabChanged#1","Method:src/ui/include/actionsmanager.h:ActionsManager.actions#0"
"proc_261_currenttabchanged","CurrentTabChanged → End","CurrentTabChanged → End","cross_community",3,"['comm_139','comm_38','comm_60']","Method:src/ui/src/mainwindow.cpp:currentTabChanged#1","Method:src/ui/src/abstractlogview.cpp:LineChunk.end#0"
"proc_262_currenttabchanged","CurrentTabChanged → SetChecked","CurrentTabChanged → SetChecked","cross_community",3,"['comm_139','comm_38','comm_201']","Method:src/ui/src/mainwindow.cpp:currentTabChanged#1","Method:src/ui/src/predefinedfiltersdialog.cpp:CenteredCheckbox.setChecked#1"
"proc_263_currenttabchanged","CurrentTabChanged → StrippedName","CurrentTabChanged → StrippedName","intra_community",3,"['comm_139']","Method:src/ui/src/mainwindow.cpp:currentTabChanged#1","Method:src/ui/src/mainwindow.cpp:strippedName#1"
"proc_264_currenttabchanged","CurrentTabChanged → WindowIndex","CurrentTabChanged → WindowIndex","intra_community",3,"['comm_139']","Method:src/ui/src/mainwindow.cpp:currentTabChanged#1","Method:src/ui/include/session.h:WindowSession.windowIndex#0"
"proc_265_currenttabchanged","CurrentTabChanged → KloggVersion","CurrentTabChanged → KloggVersion","cross_community",3,"['comm_139','comm_87']","Method:src/ui/src/mainwindow.cpp:currentTabChanged#1","Function:src/klogg_version/include/klogg_version.h:kloggVersion"
"proc_266_currenttabchanged","CurrentTabChanged → Favorites","CurrentTabChanged → Favorites","cross_community",3,"['comm_139','comm_206']","Method:src/ui/src/mainwindow.cpp:currentTabChanged#1","Method:src/ui/include/favoritefiles.h:FavoriteFiles.favorites#0"
"proc_267_currenttabchanged","CurrentTabChanged → CurrentCrawlerWidget","CurrentTabChanged → CurrentCrawlerWidget","cross_community",3,"['comm_139','comm_206']","Method:src/ui/src/mainwindow.cpp:currentTabChanged#1","Method:src/ui/src/mainwindow.cpp:currentCrawlerWidget#0"
"proc_268_currenttabchanged","CurrentTabChanged → SetVisible","CurrentTabChanged → SetVisible","cross_community",3,"['comm_139','comm_212']","Method:src/ui/src/mainwindow.cpp:currentTabChanged#1","Method:src/ui/include/overview.h:Overview.setVisible#1"
"proc_269_createaction","CreateAction → NextDefinitionId","CreateAction → NextDefinitionId","intra_community",3,"['comm_302']","Method:src/ui/src/actionsmanager.cpp:createAction#2","Function:src/ui/src/actionsmanager.cpp:nextDefinitionId"
"proc_270_updateresponse","UpdateResponse → SetError","UpdateResponse → SetError","intra_community",3,"['comm_302']","Method:src/ui/src/actionsmanager.cpp:updateResponse#3","Function:src/ui/src/actionsmanager.cpp:setError"
"proc_271_responsedefinitionfr","ResponseDefinitionFromVariantMap → ParseMatchType","ResponseDefinitionFromVariantMap → ParseMatchType","intra_community",3,"['comm_304']","Function:src/ui/src/actionsconfig.cpp:responseDefinitionFromVariantMap","Function:src/ui/src/actionsconfig.cpp:parseMatchType"
"proc_272_responsedefinitionfr","ResponseDefinitionFromVariantMap → ParseSequenceType","ResponseDefinitionFromVariantMap → ParseSequenceType","intra_community",3,"['comm_304']","Function:src/ui/src/actionsconfig.cpp:responseDefinitionFromVariantMap","Function:src/ui/src/actionsconfig.cpp:parseSequenceType"
"proc_273_responsedefinitionfr","ResponseDefinitionFromVariantMap → End","ResponseDefinitionFromVariantMap → End","cross_community",3,"['comm_304','comm_60']","Function:src/ui/src/actionsconfig.cpp:responseDefinitionFromVariantMap","Method:src/ui/src/abstractlogview.cpp:LineChunk.end#0"
"proc_274_responsedefinitionfr","ResponseDefinitionFromVariantMap → Front","ResponseDefinitionFromVariantMap → Front","cross_community",3,"['comm_304','comm_60','comm_367']","Function:src/ui/src/actionsconfig.cpp:responseDefinitionFromVariantMap","Method:src/ui/include/highlightedmatch.h:HighlightedMatchRanges.front#0"
"proc_275_scrollcontentsby","ScrollContentsBy → LinesCount","ScrollContentsBy → LinesCount","cross_community",3,"['comm_86','comm_309']","Method:src/ui/src/abstractlogview.cpp:scrollContentsBy#2","Struct:src/logdata/include/linetypes.h:LinesCount"
"proc_276_scrollcontentsby","ScrollContentsBy → LineNumber","ScrollContentsBy → LineNumber","intra_community",3,"['comm_86']","Method:src/ui/src/abstractlogview.cpp:scrollContentsBy#2","Struct:src/logdata/include/linetypes.h:LineNumber"
"proc_277_scrollcontentsby","ScrollContentsBy → VerticalScrollMultiplicator","ScrollContentsBy → VerticalScrollMultiplicator","intra_community",3,"['comm_86']","Method:src/ui/src/abstractlogview.cpp:scrollContentsBy#2","Method:src/ui/src/abstractlogview.cpp:verticalScrollMultiplicator#0"
"proc_278_search","Search → LineLength","Search → LineLength","intra_community",3,"['comm_89']","Method:src/logdata/src/logfiltereddataworker.cpp:search#5","Struct:src/logdata/include/linetypes.h:LineLength"
"proc_279_search","Search → LinesCount","Search → LinesCount","intra_community",3,"['comm_89']","Method:src/logdata/src/logfiltereddataworker.cpp:search#5","Struct:src/logdata/include/linetypes.h:LinesCount"
"proc_280_updatesearch","UpdateSearch → LineLength","UpdateSearch → LineLength","intra_community",3,"['comm_89']","Method:src/logdata/src/logfiltereddataworker.cpp:updateSearch#6","Struct:src/logdata/include/linetypes.h:LineLength"
"proc_281_updatesearch","UpdateSearch → LinesCount","UpdateSearch → LinesCount","intra_community",3,"['comm_89']","Method:src/logdata/src/logfiltereddataworker.cpp:updateSearch#6","Struct:src/logdata/include/linetypes.h:LinesCount"
"proc_282_indexall","IndexAll → UseCompressedIndex","IndexAll → UseCompressedIndex","intra_community",3,"['comm_89']","Method:src/logdata/src/logdataworker.cpp:indexAll#1","Method:src/settings/include/configuration.h:Configuration.useCompressedIndex#0"
"proc_283_indexall","IndexAll → FastModificationDetection","IndexAll → FastModificationDetection","cross_community",3,"['comm_89','comm_380']","Method:src/logdata/src/logdataworker.cpp:indexAll#1","Method:src/settings/include/configuration.h:Configuration.fastModificationDetection#0"
"proc_284_indexadditionallines","IndexAdditionalLines → UseCompressedIndex","IndexAdditionalLines → UseCompressedIndex","intra_community",3,"['comm_89']","Method:src/logdata/src/logdataworker.cpp:indexAdditionalLines#0","Method:src/settings/include/configuration.h:Configuration.useCompressedIndex#0"
"proc_285_indexadditionallines","IndexAdditionalLines → FastModificationDetection","IndexAdditionalLines → FastModificationDetection","cross_community",3,"['comm_89','comm_380']","Method:src/logdata/src/logdataworker.cpp:indexAdditionalLines#0","Method:src/settings/include/configuration.h:Configuration.fastModificationDetection#0"
"proc_286_checkfilechanges","CheckFileChanges → UseCompressedIndex","CheckFileChanges → UseCompressedIndex","intra_community",3,"['comm_89']","Method:src/logdata/src/logdataworker.cpp:checkFileChanges#0","Method:src/settings/include/configuration.h:Configuration.useCompressedIndex#0"
"proc_287_checkfilechanges","CheckFileChanges → FastModificationDetection","CheckFileChanges → FastModificationDetection","cross_community",3,"['comm_89','comm_380']","Method:src/logdata/src/logdataworker.cpp:checkFileChanges#0","Method:src/settings/include/configuration.h:Configuration.fastModificationDetection#0"
"proc_288_tabbedcrawlerwidget","TabbedCrawlerWidget → SetVisible","TabbedCrawlerWidget → SetVisible","cross_community",3,"['comm_111','comm_212']","Method:src/ui/src/tabbedcrawlerwidget.cpp:TabbedCrawlerWidget#0","Method:src/ui/include/overview.h:Overview.setVisible#1"
"proc_289_tabbedcrawlerwidget","TabbedCrawlerWidget → Load","TabbedCrawlerWidget → Load","cross_community",3,"['comm_111','comm_112','comm_96']","Method:src/ui/src/tabbedcrawlerwidget.cpp:TabbedCrawlerWidget#0","Method:src/ui/include/iconloader.h:IconLoader.load#1"
"proc_290_tabbedcrawlerwidget","TabbedCrawlerWidget → UpdateIcon","TabbedCrawlerWidget → UpdateIcon","cross_community",3,"['comm_111','comm_112']","Method:src/ui/src/tabbedcrawlerwidget.cpp:TabbedCrawlerWidget#0","Method:src/ui/src/tabbedcrawlerwidget.cpp:updateIcon#1"
"proc_291_remapstreamsessionpa","RemapStreamSessionPath → SetTabMetadataValue","RemapStreamSessionPath → SetTabMetadataValue","cross_community",3,"['comm_113','comm_112']","Method:src/ui/src/tabbedcrawlerwidget.cpp:remapStreamSessionPath#2","Method:src/ui/src/tabbedcrawlerwidget.cpp:setTabMetadataValue#3"
"proc_292_save","Save → GetPersistable","Save → GetPersistable","cross_community",3,"['comm_132','comm_79']","Method:src/ui/src/session.cpp:save#2","Method:src/settings/include/persistable.h:Persistable.getPersistable#1"
"proc_293_save","Save → Retrieve","Save → Retrieve","cross_community",3,"['comm_132','comm_79']","Method:src/ui/src/session.cpp:save#2","Method:src/settings/include/persistable.h:Persistable.retrieve#0"
"proc_294_runglobalscript","RunGlobalScript → End","RunGlobalScript → End","cross_community",3,"['comm_139','comm_60']","Method:src/ui/src/scriptsupervisor.cpp:runGlobalScript#1","Method:src/ui/src/abstractlogview.cpp:LineChunk.end#0"
"proc_295_runglobalscript","RunGlobalScript → BeginListening","RunGlobalScript → BeginListening","cross_community",3,"['comm_139','comm_138']","Method:src/ui/src/scriptsupervisor.cpp:runGlobalScript#1","Method:src/ui/src/scriptsupervisor.cpp:beginListening#2"
"proc_296_runglobalscript","RunGlobalScript → SetState","RunGlobalScript → SetState","cross_community",3,"['comm_139','comm_138']","Method:src/ui/src/scriptsupervisor.cpp:runGlobalScript#1","Method:src/ui/src/scriptsupervisor.cpp:setState#2"
"proc_297_runglobalscript","RunGlobalScript → ResetSocketState","RunGlobalScript → ResetSocketState","cross_community",3,"['comm_139','comm_138']","Method:src/ui/src/scriptsupervisor.cpp:runGlobalScript#1","Method:src/ui/src/scriptsupervisor.cpp:resetSocketState#1"
"proc_298_globalscriptstatus","GlobalScriptStatus → End","GlobalScriptStatus → End","cross_community",3,"['comm_139','comm_60']","Method:src/ui/src/scriptsupervisor.cpp:globalScriptStatus#0","Method:src/ui/src/abstractlogview.cpp:LineChunk.end#0"
"proc_299_globalscriptstatus","GlobalScriptStatus → ScriptRunStateToString","GlobalScriptStatus → ScriptRunStateToString","cross_community",3,"['comm_139','comm_141']","Method:src/ui/src/scriptsupervisor.cpp:globalScriptStatus#0","Function:src/ui/src/scriptsupervisor.cpp:scriptRunStateToString"
