from,to,type,confidence,reason,step
"Function:tools/run-clang-tidy.py:find_compilation_database","comm_0","MEMBER_OF",1,"leiden-algorithm",0
"Function:tools/run-clang-tidy.py:make_absolute","comm_0","MEMBER_OF",1,"leiden-algorithm",0
"Function:tools/run-clang-tidy.py:get_tidy_invocation","comm_1","MEMBER_OF",1,"leiden-algorithm",0
"Function:tools/run-clang-tidy.py:merge_replacement_files","comm_0","MEMBER_OF",1,"leiden-algorithm",0
"Function:tools/run-clang-tidy.py:check_clang_apply_replacements_binary","comm_0","MEMBER_OF",1,"leiden-algorithm",0
"Function:tools/run-clang-tidy.py:apply_fixes","comm_0","MEMBER_OF",1,"leiden-algorithm",0
"Function:tools/run-clang-tidy.py:run_tidy","comm_1","MEMBER_OF",1,"leiden-algorithm",0
"Function:tools/run-clang-tidy.py:main","comm_0","MEMBER_OF",1,"leiden-algorithm",0
"Function:codex_tasks/fix_preview_ehcp_v3.py:zero_pad","comm_2","MEMBER_OF",1,"leiden-algorithm",0
"Function:codex_tasks/fix_preview_ehcp_v3.py:normalize_numeric_key","comm_2","MEMBER_OF",1,"leiden-algorithm",0
"Function:codex_tasks/fix_preview_ehcp_v3.py:expand_range","comm_2","MEMBER_OF",1,"leiden-algorithm",0
"Function:codex_tasks/fix_preview_ehcp_v3.py:process_enum_map","comm_2","MEMBER_OF",1,"leiden-algorithm",0
"Function:codex_tasks/fix_preview_ehcp_v3.py:should_add_endianness","comm_3","MEMBER_OF",1,"leiden-algorithm",0
"Function:codex_tasks/fix_preview_ehcp_v3.py:visit_field","comm_3","MEMBER_OF",1,"leiden-algorithm",0
"Function:codex_tasks/fix_preview_ehcp_v3.py:walk","comm_3","MEMBER_OF",1,"leiden-algorithm",0
"Function:codex_tasks/fix_preview_ehcp_v3.py:main","comm_3","MEMBER_OF",1,"leiden-algorithm",0
"Function:codex_tasks/fix_preview_ehcp_v2.py:zero_pad","comm_4","MEMBER_OF",1,"leiden-algorithm",0
"Function:codex_tasks/fix_preview_ehcp_v2.py:normalize_key_by_width","comm_4","MEMBER_OF",1,"leiden-algorithm",0
"Function:codex_tasks/fix_preview_ehcp_v2.py:expand_range_key","comm_4","MEMBER_OF",1,"leiden-algorithm",0
"Function:codex_tasks/fix_preview_ehcp_v2.py:process_enum_map","comm_4","MEMBER_OF",1,"leiden-algorithm",0
"Function:codex_tasks/fix_preview_ehcp_v2.py:should_add_endianness","comm_5","MEMBER_OF",1,"leiden-algorithm",0
"Function:codex_tasks/fix_preview_ehcp_v2.py:visit_field","comm_5","MEMBER_OF",1,"leiden-algorithm",0
"Function:codex_tasks/fix_preview_ehcp_v2.py:walk","comm_5","MEMBER_OF",1,"leiden-algorithm",0
"Function:codex_tasks/fix_preview_ehcp_v2.py:main","comm_5","MEMBER_OF",1,"leiden-algorithm",0
"Function:codex_tasks/fix_preview_ehcp.py:normalize_time_enummap","comm_6","MEMBER_OF",1,"leiden-algorithm",0
"Function:codex_tasks/fix_preview_ehcp.py:field_name_matches_time","comm_6","MEMBER_OF",1,"leiden-algorithm",0
"Function:codex_tasks/fix_preview_ehcp.py:should_add_endianness","comm_6","MEMBER_OF",1,"leiden-algorithm",0
"Function:codex_tasks/fix_preview_ehcp.py:walk_fields","comm_6","MEMBER_OF",1,"leiden-algorithm",0
"Function:codex_tasks/fix_preview_ehcp.py:main","comm_6","MEMBER_OF",1,"leiden-algorithm",0
"Function:tests/unit/tests_main.cpp:main","comm_7","MEMBER_OF",1,"leiden-algorithm",0
"Function:tests/unit/sessioninfo_test.cpp:writeBaseSession","comm_8","MEMBER_OF",1,"leiden-algorithm",0
"Function:tests/unit/previewmatchstage_test.cpp:findFieldItem","comm_9","MEMBER_OF",1,"leiden-algorithm",0
"Function:tests/unit/previewmatchstage_test.cpp:findChildItem","comm_10","MEMBER_OF",1,"leiden-algorithm",0
"Function:tests/unit/previewmatchstage_test.cpp:loadMatchConfig","comm_11","MEMBER_OF",1,"leiden-algorithm",0
"Function:tests/unit/previewmatchstage_test.cpp:loadBlockConfig","comm_11","MEMBER_OF",1,"leiden-algorithm",0
"Function:tests/unit/previewmatchstage_test.cpp:loadEnumConfig","comm_11","MEMBER_OF",1,"leiden-algorithm",0
"Function:tests/unit/previewmatchstage_test.cpp:fieldValue","comm_9","MEMBER_OF",1,"leiden-algorithm",0
"Function:tests/ui/qtests_main.cpp:main","comm_12","MEMBER_OF",1,"leiden-algorithm",0
"Function:tests/ui/mainwindow_test.cpp:hasProgressStatus","comm_17","MEMBER_OF",1,"leiden-algorithm",0
"Function:tests/ui/mainwindow_test.cpp:hasProgressDetail","comm_18","MEMBER_OF",1,"leiden-algorithm",0
"Function:tests/ui/mainwindow_test.cpp:firstProgressStatusIndex","comm_19","MEMBER_OF",1,"leiden-algorithm",0
"Function:tests/ui/mainwindow_test.cpp:hasVisibleTopLevelWindowWithTitle","comm_20","MEMBER_OF",1,"leiden-algorithm",0
"Function:tests/ui/mainwindow_test.cpp:automationTreeContainsObjectName","comm_21","MEMBER_OF",1,"leiden-algorithm",0
"Function:tests/ui/logfiltereddata_test.cpp:generateDataFiles","comm_22","MEMBER_OF",1,"leiden-algorithm",0
"Function:tests/ui/logfiltereddata_test.cpp:runSearch","comm_22","MEMBER_OF",1,"leiden-algorithm",0
"Function:tests/ui/logfiltereddata_test.cpp:runUpdateSearch","comm_22","MEMBER_OF",1,"leiden-algorithm",0
"Function:tests/ui/logfiltereddata_test.cpp:formattedLine","comm_23","MEMBER_OF",1,"leiden-algorithm",0
"Function:tests/ui/logfiltereddata_test.cpp:toFlags","comm_24","MEMBER_OF",1,"leiden-algorithm",0
"Function:tests/ui/logdata_test.cpp:writeDataToFileBackground","comm_25","MEMBER_OF",1,"leiden-algorithm",0
"Function:tests/ui/logdata_test.cpp:writeDataToFile","comm_25","MEMBER_OF",1,"leiden-algorithm",0
"Function:tests/ui/crawlerwidget_test.cpp:generateDataFiles","comm_26","MEMBER_OF",1,"leiden-algorithm",0
"Function:tests/helpers/test_utils.h:waitUiState","comm_32","MEMBER_OF",1,"leiden-algorithm",0
"Function:src/app/scenarioheadlessrunner.cpp:absolutePath","comm_46","MEMBER_OF",1,"leiden-algorithm",0
"Function:src/app/scenarioheadlessrunner.cpp:sanitizePathPart","comm_47","MEMBER_OF",1,"leiden-algorithm",0
"Function:src/app/scenarioheadlessrunner.cpp:optionalString","comm_46","MEMBER_OF",1,"leiden-algorithm",0
"Function:src/app/scenarioheadlessrunner.cpp:optionalBool","comm_46","MEMBER_OF",1,"leiden-algorithm",0
"Function:src/app/scenarioheadlessrunner.cpp:optionalInt","comm_46","MEMBER_OF",1,"leiden-algorithm",0
"Function:src/app/scenarioheadlessrunner.cpp:parseDataBitsValue","comm_46","MEMBER_OF",1,"leiden-algorithm",0
"Function:src/app/scenarioheadlessrunner.cpp:parseParityValue","comm_46","MEMBER_OF",1,"leiden-algorithm",0
"Function:src/app/scenarioheadlessrunner.cpp:parseStopBitsValue","comm_46","MEMBER_OF",1,"leiden-algorithm",0
"Function:src/app/scenarioheadlessrunner.cpp:parseFlowControlValue","comm_46","MEMBER_OF",1,"leiden-algorithm",0
"Function:src/app/scenarioheadlessrunner.cpp:parseComSettings","comm_46","MEMBER_OF",1,"leiden-algorithm",0
"Function:src/app/scenarioheadlessrunner.cpp:mergeSettings","comm_47","MEMBER_OF",1,"leiden-algorithm",0
"Function:src/app/scenarioheadlessrunner.cpp:parityToString","comm_48","MEMBER_OF",1,"leiden-algorithm",0
"Function:src/app/scenarioheadlessrunner.cpp:stopBitsToString","comm_48","MEMBER_OF",1,"leiden-algorithm",0
"Function:src/app/scenarioheadlessrunner.cpp:flowControlToString","comm_48","MEMBER_OF",1,"leiden-algorithm",0
"Function:src/app/scenarioheadlessrunner.cpp:settingsToVariantMap","comm_48","MEMBER_OF",1,"leiden-algorithm",0
"Function:src/app/scenarioheadlessrunner.cpp:loadJsonObject","comm_46","MEMBER_OF",1,"leiden-algorithm",0
"Function:src/app/scenarioheadlessrunner.cpp:loadSuiteDefinition","comm_46","MEMBER_OF",1,"leiden-algorithm",0
"Function:src/app/scenarioheadlessrunner.cpp:loadDeviceMap","comm_46","MEMBER_OF",1,"leiden-algorithm",0
"Function:src/app/scenarioheadlessrunner.cpp:buildDeviceBindingPayload","comm_48","MEMBER_OF",1,"leiden-algorithm",0
"Function:src/app/scenarioheadlessrunner.cpp:buildHeadlessFailureReport","comm_47","MEMBER_OF",1,"leiden-algorithm",0
"Function:src/app/scenarioheadlessrunner.cpp:writeJsonReport","comm_47","MEMBER_OF",1,"leiden-algorithm",0
"Function:src/app/scenarioheadlessrunner.cpp:writeJunitFailureReport","comm_47","MEMBER_OF",1,"leiden-algorithm",0
"Function:src/app/scenarioheadlessrunner.cpp:isTerminalScenarioState","comm_47","MEMBER_OF",1,"leiden-algorithm",0
"Function:src/app/main.cpp:setApplicationAttributes","comm_44","MEMBER_OF",1,"leiden-algorithm",0
"Function:src/app/main.cpp:ensureCliConsoleAttached","comm_53","MEMBER_OF",1,"leiden-algorithm",0
"Function:src/app/main.cpp:writeCliMessage","comm_53","MEMBER_OF",1,"leiden-algorithm",0
"Function:src/app/main.cpp:writeCliBytes","comm_53","MEMBER_OF",1,"leiden-algorithm",0
"Function:src/app/main.cpp:jsonIndent","comm_54","MEMBER_OF",1,"leiden-algorithm",0
"Function:src/app/main.cpp:jsonString","comm_54","MEMBER_OF",1,"leiden-algorithm",0
"Function:src/app/main.cpp:appendJsonValue","comm_54","MEMBER_OF",1,"leiden-algorithm",0
"Function:src/app/main.cpp:appendJsonObject","comm_54","MEMBER_OF",1,"leiden-algorithm",0
"Function:src/app/main.cpp:appendJsonArray","comm_54","MEMBER_OF",1,"leiden-algorithm",0
"Function:src/app/main.cpp:writeCliPayload","comm_53","MEMBER_OF",1,"leiden-algorithm",0
"Function:src/app/main.cpp:writeCliPayloadToFile","comm_54","MEMBER_OF",1,"leiden-algorithm",0
"Function:src/app/main.cpp:writeLabArtifacts","comm_44","MEMBER_OF",1,"leiden-algorithm",0
"Function:src/app/main.cpp:main","comm_44","MEMBER_OF",1,"leiden-algorithm",0
"Function:src/app/labtypes.h:commanderComSettingsFromVariantMap","comm_55","MEMBER_OF",1,"leiden-algorithm",0
"Function:src/app/labtypes.h:labAgentConfigToVariantMap","comm_45","MEMBER_OF",1,"leiden-algorithm",0
"Function:src/app/labtypes.h:labAgentConfigFromVariantMap","comm_55","MEMBER_OF",1,"leiden-algorithm",0
"Function:src/app/labtypes.h:labJobBundleToVariantMap","comm_56","MEMBER_OF",1,"leiden-algorithm",0
"Function:src/app/labtypes.h:labJobBundleFromVariantMap","comm_56","MEMBER_OF",1,"leiden-algorithm",0
"Function:src/app/labtypes.h:labResolvedBindingToVariantMap","comm_56","MEMBER_OF",1,"leiden-algorithm",0
"Function:src/app/labtypes.cpp:toVariantList","comm_57","MEMBER_OF",1,"leiden-algorithm",0
"Function:src/app/labtypes.cpp:toStringList","comm_58","MEMBER_OF",1,"leiden-algorithm",0
"Function:src/app/labtypes.cpp:commanderComSettingsToVariantMap","comm_57","MEMBER_OF",1,"leiden-algorithm",0
"Function:src/app/labtypes.cpp:commanderComSettingsFromVariantMap","comm_58","MEMBER_OF",1,"leiden-algorithm",0
"Function:src/app/labtypes.cpp:labLogicalDeviceToVariantMap","comm_57","MEMBER_OF",1,"leiden-algorithm",0
"Function:src/app/labtypes.cpp:labLogicalDeviceFromVariantMap","comm_58","MEMBER_OF",1,"leiden-algorithm",0
"Function:src/app/labtypes.cpp:labAgentPortToVariantMap","comm_57","MEMBER_OF",1,"leiden-algorithm",0
"Function:src/app/labtypes.cpp:labAgentPortFromVariantMap","comm_58","MEMBER_OF",1,"leiden-algorithm",0
"Function:src/app/labtypes.cpp:labAgentConfigFromVariantMap","comm_58","MEMBER_OF",1,"leiden-algorithm",0
"Function:src/app/labtypes.cpp:labBundleFileToVariantMap","comm_57","MEMBER_OF",1,"leiden-algorithm",0
"Function:src/app/labtypes.cpp:labBundleFileFromVariantMap","comm_58","MEMBER_OF",1,"leiden-algorithm",0
"Function:src/app/labtypes.cpp:labJobBundleFromVariantMap","comm_58","MEMBER_OF",1,"leiden-algorithm",0
"Function:src/app/labtypes.cpp:labResolvedBindingToVariantMap","comm_57","MEMBER_OF",1,"leiden-algorithm",0
"Function:src/app/labtypes.cpp:labResolvedBindingFromVariantMap","comm_58","MEMBER_OF",1,"leiden-algorithm",0
"Function:src/app/labcontrollerservice.cpp:nowUtcString","comm_56","MEMBER_OF",1,"leiden-algorithm",0
"Function:src/app/labcontrollerservice.cpp:controllerDatabase","comm_56","MEMBER_OF",1,"leiden-algorithm",0
"Function:src/app/labcontrollerservice.cpp:execQuery","comm_56","MEMBER_OF",1,"leiden-algorithm",0
"Function:src/app/labcontrollerservice.cpp:variantMapToJson","comm_56","MEMBER_OF",1,"leiden-algorithm",0
"Function:src/app/labcontrollerservice.cpp:jsonToVariantMap","comm_56","MEMBER_OF",1,"leiden-algorithm",0
"Function:src/app/labcontrollerservice.cpp:variantListToJson","comm_56","MEMBER_OF",1,"leiden-algorithm",0
"Function:src/app/labcontrollerservice.cpp:jsonToVariantList","comm_56","MEMBER_OF",1,"leiden-algorithm",0
"Function:src/app/labcontrollerservice.cpp:queryRowToMap","comm_56","MEMBER_OF",1,"leiden-algorithm",0
"Function:src/app/labcontrollerservice.cpp:httpReasonPhrase","comm_56","MEMBER_OF",1,"leiden-algorithm",0
"Function:src/app/labcontrollerservice.cpp:requestIsComplete","comm_62","MEMBER_OF",1,"leiden-algorithm",0
"Function:src/app/labcontrollerservice.cpp:parseJsonBody","comm_56","MEMBER_OF",1,"leiden-algorithm",0
"Function:src/app/labbundleutils.h:loadLabJobBundle","comm_44","MEMBER_OF",1,"leiden-algorithm",0
"Function:src/app/labbundleutils.h:loadLabAgentConfig","comm_66","MEMBER_OF",1,"leiden-algorithm",0
"Function:src/app/labbundleutils.cpp:loadJsonObject","comm_55","MEMBER_OF",1,"leiden-algorithm",0
"Function:src/app/labbundleutils.cpp:absolutePath","comm_55","MEMBER_OF",1,"leiden-algorithm",0
"Function:src/app/labbundleutils.cpp:appendFile","comm_55","MEMBER_OF",1,"leiden-algorithm",0
"Function:src/app/labbundleutils.cpp:stringList","comm_55","MEMBER_OF",1,"leiden-algorithm",0
"Function:src/app/labbundleutils.cpp:loadLabJobBundle","comm_55","MEMBER_OF",1,"leiden-algorithm",0
"Function:src/app/labbundleutils.cpp:loadLabAgentConfig","comm_55","MEMBER_OF",1,"leiden-algorithm",0
"Function:src/app/labagentrunner.cpp:writeBundleToTempDir","comm_45","MEMBER_OF",1,"leiden-algorithm",0
"Function:src/app/labagentrunner.cpp:loadToken","comm_66","MEMBER_OF",1,"leiden-algorithm",0
"Function:src/app/klogg_grep.cpp:main","comm_7","MEMBER_OF",1,"leiden-algorithm",0
"Function:src/versioncheck/src/versionchecker.cpp:isVersionNewer","comm_87","MEMBER_OF",1,"leiden-algorithm",0
"Function:src/utils/include/uuid.h:generateIdFromUuid","comm_88","MEMBER_OF",1,"leiden-algorithm",0
"Function:src/utils/include/runnable_lambda.h:createRunnable","comm_89","MEMBER_OF",1,"leiden-algorithm",0
"Function:src/utils/include/resourcewrapper.h:makeUniqueResource","comm_90","MEMBER_OF",1,"leiden-algorithm",0
"Function:src/utils/include/progress.h:calculateProgress","comm_91","MEMBER_OF",1,"leiden-algorithm",0
"Function:src/utils/include/overload_visitor.h:makeOverloadVisitor","comm_93","MEMBER_OF",1,"leiden-algorithm",0
"Function:src/utils/include/openfilehelper.h:showPathInFileExplorer","comm_94","MEMBER_OF",1,"leiden-algorithm",0
"Function:src/utils/include/openfilehelper.h:openFileInDefaultApplication","comm_95","MEMBER_OF",1,"leiden-algorithm",0
"Function:src/utils/include/dispatch_to.h:dispatchToObject","comm_96","MEMBER_OF",1,"leiden-algorithm",0
"Function:src/utils/include/dispatch_to.h:dispatchToThread","comm_97","MEMBER_OF",1,"leiden-algorithm",0
"Function:src/utils/include/dispatch_to.h:dispatchToMainThread","comm_97","MEMBER_OF",1,"leiden-algorithm",0
"Function:src/utils/include/cpu_info.h:hasRequiredInstructions","comm_99","MEMBER_OF",1,"leiden-algorithm",0
"Function:src/utils/include/cpu_info.h:supportedCpuInstructions","comm_99","MEMBER_OF",1,"leiden-algorithm",0
"Function:src/utils/include/containers.h:ssize","comm_100","MEMBER_OF",1,"leiden-algorithm",0
"Function:src/utils/include/containers.h:isize","comm_101","MEMBER_OF",1,"leiden-algorithm",0
"Function:src/utils/include/containers.h:as_const","comm_102","MEMBER_OF",1,"leiden-algorithm",0
"Function:src/utils/include/clipboard.h:sendTextToClipboard","comm_103","MEMBER_OF",1,"leiden-algorithm",0
"Function:src/utils/include/active_screen.h:activeScreen","comm_86","MEMBER_OF",1,"leiden-algorithm",0
"Function:src/ui/src/viewtools.cpp:lengthChanged","comm_106","MEMBER_OF",1,"leiden-algorithm",0
"Function:src/ui/src/startupprogress.cpp:startupProgressData","comm_120","MEMBER_OF",1,"leiden-algorithm",0
"Function:src/ui/src/startupprogress.cpp:normalizeState","comm_121","MEMBER_OF",1,"leiden-algorithm",0
"Function:src/ui/src/startupprogress.cpp:notifyCallback","comm_122","MEMBER_OF",1,"leiden-algorithm",0
"Function:3rdparty/dump_syms/package_syms.py:check_output","comm_125","MEMBER_OF",1,"leiden-algorithm",0
"Function:3rdparty/dump_syms/package_syms.py:process_file","comm_125","MEMBER_OF",1,"leiden-algorithm",0
"Function:3rdparty/dump_syms/package_syms.py:main","comm_125","MEMBER_OF",1,"leiden-algorithm",0
"Function:website/static/js/ug-theme-tilesgrid.js:UGTheme_tilesgrid","comm_126","MEMBER_OF",1,"leiden-algorithm",0
"Function:website/static/js/ug-theme-tilesgrid.js:initTheme","comm_126","MEMBER_OF",1,"leiden-algorithm",0
"Function:website/static/js/ug-theme-tilesgrid.js:modifyOptions","comm_126","MEMBER_OF",1,"leiden-algorithm",0
"Function:website/static/js/ug-theme-tilesgrid.js:getGalleryWidth","comm_126","MEMBER_OF",1,"leiden-algorithm",0
"Function:website/static/js/ug-theme-tilesgrid.js:setHtml","comm_126","MEMBER_OF",1,"leiden-algorithm",0
"Function:website/static/js/ug-theme-tilesgrid.js:getHeightEstimation","comm_126","MEMBER_OF",1,"leiden-algorithm",0
"Function:website/static/js/ug-theme-tilesgrid.js:actualRun","comm_126","MEMBER_OF",1,"leiden-algorithm",0
"Function:website/static/js/ug-theme-tilesgrid.js:runTheme","comm_126","MEMBER_OF",1,"leiden-algorithm",0
"Function:website/static/js/ug-theme-tilesgrid.js:positionElements","comm_126","MEMBER_OF",1,"leiden-algorithm",0
"Function:website/static/js/ug-theme-tilesgrid.js:updateBullets","comm_126","MEMBER_OF",1,"leiden-algorithm",0
"Function:website/static/js/ug-theme-tilesgrid.js:onSizeChange","comm_126","MEMBER_OF",1,"leiden-algorithm",0
"Function:website/static/js/ug-theme-tilesgrid.js:initEvents","comm_126","MEMBER_OF",1,"leiden-algorithm",0
"Function:website/static/js/ug-theme-carousel.js:UGTheme_carousel","comm_127","MEMBER_OF",1,"leiden-algorithm",0
"Function:website/static/js/ug-theme-carousel.js:initTheme","comm_127","MEMBER_OF",1,"leiden-algorithm",0
"Function:website/static/js/ug-theme-carousel.js:setHtml","comm_127","MEMBER_OF",1,"leiden-algorithm",0
"Function:website/static/js/ug-theme-carousel.js:getGalleryWidth","comm_128","MEMBER_OF",1,"leiden-algorithm",0
"Function:website/static/js/ug-theme-carousel.js:getEstimatedHeight","comm_128","MEMBER_OF",1,"leiden-algorithm",0
"Function:website/static/js/ug-theme-carousel.js:actualRun","comm_128","MEMBER_OF",1,"leiden-algorithm",0
"Function:website/static/js/ug-theme-carousel.js:runTheme","comm_127","MEMBER_OF",1,"leiden-algorithm",0
"Function:website/static/js/ug-theme-carousel.js:positionElements","comm_128","MEMBER_OF",1,"leiden-algorithm",0
"Function:website/static/js/ug-theme-carousel.js:onSizeChange","comm_128","MEMBER_OF",1,"leiden-algorithm",0
"Function:website/static/js/ug-theme-carousel.js:initEvents","comm_128","MEMBER_OF",1,"leiden-algorithm",0
"Function:src/ui/src/session.cpp:resolveComCapturePath","comm_129","MEMBER_OF",1,"leiden-algorithm",0
"Function:src/ui/src/serialcaptureworker.cpp:previewHex","comm_133","MEMBER_OF",1,"leiden-algorithm",0
"Function:src/ui/src/serialcaptureworker.cpp:timestampPrefix","comm_133","MEMBER_OF",1,"leiden-algorithm",0
"Function:src/ui/src/serialcaptureworker.cpp:deserializeSerialCaptureSettings","comm_134","MEMBER_OF",1,"leiden-algorithm",0
"Function:src/ui/src/scriptsupervisor.cpp:randomToken","comm_138","MEMBER_OF",1,"leiden-algorithm",0
"Function:src/ui/src/scriptsupervisor.cpp:pythonExecutableCandidates","comm_138","MEMBER_OF",1,"leiden-algorithm",0
"Function:src/ui/src/scriptsupervisor.cpp:trimTrailingNewline","comm_138","MEMBER_OF",1,"leiden-algorithm",0
"Function:src/ui/src/scriptsupervisor.cpp:isActiveState","comm_139","MEMBER_OF",1,"leiden-algorithm",0
"Function:src/ui/src/scriptsupervisor.cpp:matchesName","comm_140","MEMBER_OF",1,"leiden-algorithm",0
"Function:src/ui/src/scriptsupervisor.cpp:scriptRunStateToString","comm_141","MEMBER_OF",1,"leiden-algorithm",0
"Function:src/ui/src/scriptrunnerwindow.cpp:allScriptsRequest","comm_75","MEMBER_OF",1,"leiden-algorithm",0
"Function:src/ui/src/scratchpad.cpp:formatHex","comm_98","MEMBER_OF",1,"leiden-algorithm",0
"Function:src/ui/src/scratchpad.cpp:formatDec","comm_98","MEMBER_OF",1,"leiden-algorithm",0
"Function:src/ui/src/scratchpad.cpp:windowsTickToUnixSeconds","comm_98","MEMBER_OF",1,"leiden-algorithm",0
"Function:src/ui/src/scenariorunnerwindow.cpp:suiteIdForPath","comm_149","MEMBER_OF",1,"leiden-algorithm",0
"Function:src/ui/src/scenariorunner.cpp:randomToken","comm_154","MEMBER_OF",1,"leiden-algorithm",0
"Function:src/ui/src/scenariorunner.cpp:trimTrailingNewline","comm_155","MEMBER_OF",1,"leiden-algorithm",0
"Function:src/ui/src/scenariorunner.cpp:scenarioReportPath","comm_139","MEMBER_OF",1,"leiden-algorithm",0
"Function:src/ui/src/scenariorunner.cpp:isActiveState","comm_139","MEMBER_OF",1,"leiden-algorithm",0
"Function:src/ui/src/scenariorunner.cpp:pythonExecutableCandidates","comm_154","MEMBER_OF",1,"leiden-algorithm",0
"Function:src/ui/src/scenariorunner.cpp:matchesName","comm_156","MEMBER_OF",1,"leiden-algorithm",0
"Function:src/ui/src/scenariorunner.cpp:scenarioRunStateToString","comm_139","MEMBER_OF",1,"leiden-algorithm",0
"Function:src/ui/src/responsestablemodel.cpp:truncateText","comm_160","MEMBER_OF",1,"leiden-algorithm",0
"Function:src/ui/src/responseeditdialog.cpp:displayedStringToBytes","comm_162","MEMBER_OF",1,"leiden-algorithm",0
"Function:src/ui/src/responseeditdialog.cpp:bytesToDisplayedString","comm_163","MEMBER_OF",1,"leiden-algorithm",0
"Function:src/ui/src/responseeditdialog.cpp:bytesToHexString","comm_162","MEMBER_OF",1,"leiden-algorithm",0
"Function:src/ui/src/responseeditdialog.cpp:lineEndingEscapeText","comm_164","MEMBER_OF",1,"leiden-algorithm",0
"Function:src/ui/src/responseeditdialog.cpp:actionLabel","comm_165","MEMBER_OF",1,"leiden-algorithm",0
"Function:src/ui/src/quickfindpattern.cpp:patternUpdated","comm_173","MEMBER_OF",1,"leiden-algorithm",0
"Function:src/ui/src/quickfind.cpp:notify","comm_96","MEMBER_OF",1,"leiden-algorithm",0
"Function:src/ui/src/previewrepository.cpp:fieldToJson","comm_187","MEMBER_OF",1,"leiden-algorithm",0
"Function:src/ui/src/previewrepository.cpp:previewToJson","comm_187","MEMBER_OF",1,"leiden-algorithm",0
"Function:src/ui/src/previewmessagetab.cpp:captureValue","comm_189","MEMBER_OF",1,"leiden-algorithm",0
"Function:src/ui/src/previewmessagetab.cpp:clampToInt","comm_189","MEMBER_OF",1,"leiden-algorithm",0
"Function:src/ui/src/previewmessagetab.cpp:captureStart","comm_189","MEMBER_OF",1,"leiden-algorithm",0
"Function:src/ui/src/previewmessagetab.cpp:captureLength","comm_189","MEMBER_OF",1,"leiden-algorithm",0
"Function:src/ui/src/previewmessagetab.cpp:describeCaptureRef","comm_189","MEMBER_OF",1,"leiden-algorithm",0
"Function:src/ui/src/previewmessagetab.cpp:truncateText","comm_189","MEMBER_OF",1,"leiden-algorithm",0
"Function:src/ui/src/previewmessagetab.cpp:sliceToLogText","comm_189","MEMBER_OF",1,"leiden-algorithm",0
"Function:src/ui/src/previewmessagetab.cpp:decodeTooltip","comm_190","MEMBER_OF",1,"leiden-algorithm",0
"Function:src/ui/src/previewmessagetab.cpp:logDecodeError","comm_190","MEMBER_OF",1,"leiden-algorithm",0
"Function:src/ui/src/previewmessagetab.cpp:setItemStatus","comm_190","MEMBER_OF",1,"leiden-algorithm",0
"Function:src/ui/src/previewmessagetab.cpp:setItemOffsetWidth","comm_189","MEMBER_OF",1,"leiden-algorithm",0
"Function:src/ui/src/previewmessagetab.cpp:setItemDecodeError","comm_190","MEMBER_OF",1,"leiden-algorithm",0
"Function:src/ui/src/previewmessagetab.cpp:setItemMatchError","comm_190","MEMBER_OF",1,"leiden-algorithm",0
"Function:src/ui/src/previewmessagetab.cpp:isBinaryString","comm_191","MEMBER_OF",1,"leiden-algorithm",0
"Function:src/ui/src/previewmessagetab.cpp:parseNumericString","comm_191","MEMBER_OF",1,"leiden-algorithm",0
"Function:src/ui/src/previewmessagetab.cpp:parseInteger","comm_189","MEMBER_OF",1,"leiden-algorithm",0
"Function:src/ui/src/previewmessagetab.cpp:parseNumericValue","comm_189","MEMBER_OF",1,"leiden-algorithm",0
"Function:src/ui/src/previewmessagetab.cpp:formatEnum","comm_191","MEMBER_OF",1,"leiden-algorithm",0
"Function:src/ui/src/previewmessagetab.cpp:formatEnumWithRaw","comm_191","MEMBER_OF",1,"leiden-algorithm",0
"Function:src/ui/src/previewmessagetab.cpp:resolveEnumValue","comm_189","MEMBER_OF",1,"leiden-algorithm",0
"Function:src/ui/src/previewmessagetab.cpp:formatFlags","comm_191","MEMBER_OF",1,"leiden-algorithm",0
"Function:src/ui/src/previewmessagetab.cpp:formatNumber","comm_191","MEMBER_OF",1,"leiden-algorithm",0
"Function:src/ui/src/previewmessagetab.cpp:formatNumberWithRaw","comm_191","MEMBER_OF",1,"leiden-algorithm",0
"Function:src/ui/src/previewmessagetab.cpp:resolveExprValue","comm_189","MEMBER_OF",1,"leiden-algorithm",0
"Function:src/ui/src/previewmessagetab.cpp:decodeBytesFromText","comm_189","MEMBER_OF",1,"leiden-algorithm",0
"Function:src/ui/src/previewmessagetab.cpp:decodeBytesFromSlice","comm_189","MEMBER_OF",1,"leiden-algorithm",0
"Function:src/ui/src/previewmessagetab.cpp:decodeStringValue","comm_189","MEMBER_OF",1,"leiden-algorithm",0
"Function:src/ui/src/previewmessagetab.cpp:parseFieldIntoItem","comm_189","MEMBER_OF",1,"leiden-algorithm",0
"Function:src/ui/src/previewmessagetab.cpp:addFieldItems","comm_189","MEMBER_OF",1,"leiden-algorithm",0
"Function:src/ui/src/previewmessagetab.cpp:insertRawValue","comm_189","MEMBER_OF",1,"leiden-algorithm",0
"Function:src/ui/src/previewmessagetab.cpp:insertValue","comm_189","MEMBER_OF",1,"leiden-algorithm",0
"Function:src/ui/src/previewmessagetab.cpp:addBlockErrorItem","comm_192","MEMBER_OF",1,"leiden-algorithm",0
"Function:src/ui/src/previewmessagetab.cpp:setItemRaw","comm_189","MEMBER_OF",1,"leiden-algorithm",0
"Function:src/ui/src/previewmessagetab.cpp:resolveBlockReference","comm_192","MEMBER_OF",1,"leiden-algorithm",0
"Function:src/ui/src/previewmessagetab.cpp:applyBlockReference","comm_192","MEMBER_OF",1,"leiden-algorithm",0
"Function:src/ui/src/previewmessagetab.cpp:applyMatchStage","comm_189","MEMBER_OF",1,"leiden-algorithm",0
"Function:src/ui/src/previewmessagetab.cpp:addBitfieldItems","comm_189","MEMBER_OF",1,"leiden-algorithm",0
"Function:src/ui/src/previewmessagetab.cpp:resolveBitfieldWidth","comm_189","MEMBER_OF",1,"leiden-algorithm",0
"Function:src/ui/src/previewdecodeutils.cpp:clampToInt","comm_195","MEMBER_OF",1,"leiden-algorithm",0
"Function:src/ui/src/previewdecodeutils.cpp:isWhitespaceOrSeparator","comm_196","MEMBER_OF",1,"leiden-algorithm",0
"Function:src/ui/src/previewdecodeutils.cpp:normalizeHexInput","comm_196","MEMBER_OF",1,"leiden-algorithm",0
"Function:src/ui/src/previewdecodeutils.cpp:parseBinaryString","comm_195","MEMBER_OF",1,"leiden-algorithm",0
"Function:src/ui/src/previewdecodeutils.cpp:parseSignedInteger","comm_195","MEMBER_OF",1,"leiden-algorithm",0
"Function:src/ui/src/previewdecodeutils.cpp:parseHexToU64AllowOddDigits","comm_196","MEMBER_OF",1,"leiden-algorithm",0
"Function:src/ui/src/previewdecodeutils.cpp:decodeHexStringToBytes","comm_196","MEMBER_OF",1,"leiden-algorithm",0
"Function:src/ui/src/previewdecodeutils.cpp:evaluatePreviewExpression","comm_195","MEMBER_OF",1,"leiden-algorithm",0
"Function:src/ui/src/previewdecodeutils.cpp:resolveTemplateString","comm_195","MEMBER_OF",1,"leiden-algorithm",0
"Function:src/ui/src/previewconfigparser.cpp:contextPrefix","comm_197","MEMBER_OF",1,"leiden-algorithm",0
"Function:src/ui/src/previewconfigparser.cpp:parseValueExpr","comm_197","MEMBER_OF",1,"leiden-algorithm",0
"Function:src/ui/src/previewconfigparser.cpp:parseCaptureRef","comm_197","MEMBER_OF",1,"leiden-algorithm",0
"Function:src/ui/src/previewconfigparser.cpp:unknownKeys","comm_197","MEMBER_OF",1,"leiden-algorithm",0
"Function:src/ui/src/previewconfigparser.cpp:parseFieldSpec","comm_197","MEMBER_OF",1,"leiden-algorithm",0
"Function:src/ui/src/previewconfigparser.cpp:parseFieldArray","comm_197","MEMBER_OF",1,"leiden-algorithm",0
"Function:src/ui/src/previewconfigparser.cpp:parseBlockArray","comm_197","MEMBER_OF",1,"leiden-algorithm",0
"Function:src/ui/src/previewconfigparser.cpp:parsePreviewDefinition","comm_197","MEMBER_OF",1,"leiden-algorithm",0
"Function:src/ui/src/previewconfig.cpp:normalizedKey","comm_198","MEMBER_OF",1,"leiden-algorithm",0
"Function:src/ui/src/previewconfig.cpp:previewBufferTypeFromString","comm_198","MEMBER_OF",1,"leiden-algorithm",0
"Function:src/ui/src/previewconfig.cpp:previewFormatFromString","comm_198","MEMBER_OF",1,"leiden-algorithm",0
"Function:src/ui/src/previewconfig.cpp:previewFieldSourceFromString","comm_198","MEMBER_OF",1,"leiden-algorithm",0
"Function:src/ui/src/predefinedfilters.cpp:ensureFilterIds","comm_205","MEMBER_OF",1,"leiden-algorithm",0
"Function:src/ui/src/predefinedfilters.cpp:createPredefinedFilterId","comm_205","MEMBER_OF",1,"leiden-algorithm",0
"Function:src/ui/src/mainwindow.cpp:makePythonScriptRunnerIcon","comm_225","MEMBER_OF",1,"leiden-algorithm",0
"Function:src/ui/src/mainwindow.cpp:applicationHasMethod","comm_226","MEMBER_OF",1,"leiden-algorithm",0
"Function:src/ui/src/mainwindow.cpp:signalCrawlerToFollowFile","comm_139","MEMBER_OF",1,"leiden-algorithm",0
"Function:src/ui/src/mainwindow.cpp:showComPortMessage","comm_227","MEMBER_OF",1,"leiden-algorithm",0
"Function:src/ui/src/mainwindow.cpp:waitForCrawlerStartupPreparation","comm_228","MEMBER_OF",1,"leiden-algorithm",0
"Function:src/ui/src/mainwindow.cpp:automationDisplayText","comm_229","MEMBER_OF",1,"leiden-algorithm",0
"Function:src/ui/src/mainwindow.cpp:automationRole","comm_229","MEMBER_OF",1,"leiden-algorithm",0
"Function:src/ui/src/mainwindow.cpp:automationBounds","comm_229","MEMBER_OF",1,"leiden-algorithm",0
"Function:src/ui/src/mainwindow.cpp:automationObjectTree","comm_229","MEMBER_OF",1,"leiden-algorithm",0
"Function:src/ui/src/mainwindow.cpp:automationActionPayload","comm_139","MEMBER_OF",1,"leiden-algorithm",0
"Function:src/ui/src/mainwindow.cpp:enteringQuickFind","comm_230","MEMBER_OF",1,"leiden-algorithm",0
"Function:src/ui/src/importactionsdialog.cpp:truncateText","comm_160","MEMBER_OF",1,"leiden-algorithm",0
"Function:src/ui/src/importactionsdialog.cpp:tableWidthHint","comm_81","MEMBER_OF",1,"leiden-algorithm",0
"Function:src/ui/src/importactionsdialog.cpp:capColumnWidth","comm_251","MEMBER_OF",1,"leiden-algorithm",0
"Function:src/ui/src/importactionsdialog.cpp:clampToScreenWidth","comm_251","MEMBER_OF",1,"leiden-algorithm",0
"Function:src/ui/src/importactionsdialog.cpp:tableHeightForRows","comm_251","MEMBER_OF",1,"leiden-algorithm",0
"Function:src/ui/src/highlighterset.cpp:getPatternOptions","comm_255","MEMBER_OF",1,"leiden-algorithm",0
"Function:src/ui/src/displayfilepath.cpp:shrinkPath","comm_62","MEMBER_OF",1,"leiden-algorithm",0
"Function:src/ui/src/decompressor.cpp:archiveTypeByExtension","comm_270","MEMBER_OF",1,"leiden-algorithm",0
"Function:src/ui/src/decompressor.cpp:archiveType","comm_270","MEMBER_OF",1,"leiden-algorithm",0
"Function:src/ui/src/decompressor.cpp:makeExtractor","comm_270","MEMBER_OF",1,"leiden-algorithm",0
"Function:src/ui/src/decompressor.cpp:makeDecompressor","comm_270","MEMBER_OF",1,"leiden-algorithm",0
"Function:src/ui/src/decompressor.cpp:doExtract","comm_270","MEMBER_OF",1,"leiden-algorithm",0
"Function:src/ui/src/decompressor.cpp:doDecompress","comm_270","MEMBER_OF",1,"leiden-algorithm",0
"Function:src/ui/src/crawlerwidget.cpp:loadingFinished","comm_281","MEMBER_OF",1,"leiden-algorithm",0
"Function:src/ui/src/comportutils.cpp:resolveComCaptureBaseDir","comm_287","MEMBER_OF",1,"leiden-algorithm",0
"Function:src/ui/src/comportutils.cpp:buildComCaptureFileName","comm_287","MEMBER_OF",1,"leiden-algorithm",0
"Function:src/ui/src/comportutils.cpp:defaultComLogDirectory","comm_287","MEMBER_OF",1,"leiden-algorithm",0
"Function:src/ui/src/comportutils.cpp:defaultSerialCaptureSettings","comm_288","MEMBER_OF",1,"leiden-algorithm",0
"Function:src/ui/src/comportutils.cpp:suggestedComCapturePath","comm_287","MEMBER_OF",1,"leiden-algorithm",0
"Function:src/ui/src/comportutils.cpp:suggestedNextComCapturePath","comm_287","MEMBER_OF",1,"leiden-algorithm",0
"Function:src/ui/src/comportutils.cpp:resolveCommanderComSettings","comm_287","MEMBER_OF",1,"leiden-algorithm",0
"Function:src/ui/src/commander.cpp:insertOptionalEnum","comm_289","MEMBER_OF",1,"leiden-algorithm",0
"Function:src/ui/src/commander.cpp:optionalEnumFromMap","comm_60","MEMBER_OF",1,"leiden-algorithm",0
"Function:src/ui/src/commander.cpp:setError","comm_60","MEMBER_OF",1,"leiden-algorithm",0
"Function:src/ui/src/commander.cpp:commanderActionToString","comm_289","MEMBER_OF",1,"leiden-algorithm",0
"Function:src/ui/src/commander.cpp:commanderActionFromString","comm_60","MEMBER_OF",1,"leiden-algorithm",0
"Function:src/ui/src/commander.cpp:commanderResultCodeToString","comm_290","MEMBER_OF",1,"leiden-algorithm",0
"Function:src/ui/src/commander.cpp:commanderRequestToVariantMap","comm_289","MEMBER_OF",1,"leiden-algorithm",0
"Function:src/ui/src/commander.cpp:commanderRequestFromVariantMap","comm_60","MEMBER_OF",1,"leiden-algorithm",0
"Function:src/ui/src/commander.cpp:commanderResultToVariantMap","comm_290","MEMBER_OF",1,"leiden-algorithm",0
"Function:src/ui/src/commander.cpp:commanderResultFromVariantMap","comm_60","MEMBER_OF",1,"leiden-algorithm",0
"Function:src/ui/src/commander.cpp:writeCommanderResult","comm_290","MEMBER_OF",1,"leiden-algorithm",0
"Function:src/ui/src/commander.cpp:readCommanderResult","comm_60","MEMBER_OF",1,"leiden-algorithm",0
"Function:src/ui/src/actionstablemodel.cpp:truncateText","comm_293","MEMBER_OF",1,"leiden-algorithm",0
"Function:src/ui/src/actionsresponseswindow.cpp:looksLikeHex","comm_163","MEMBER_OF",1,"leiden-algorithm",0
"Function:src/ui/src/actionsresponseswindow.cpp:looksLikeRegex","comm_163","MEMBER_OF",1,"leiden-algorithm",0
"Function:src/ui/src/actionsresponseswindow.cpp:tableWidthHint","comm_296","MEMBER_OF",1,"leiden-algorithm",0
"Function:src/ui/src/actionsresponseswindow.cpp:capColumnWidth","comm_295","MEMBER_OF",1,"leiden-algorithm",0
"Function:src/ui/src/actionsresponseswindow.cpp:clampToScreenWidth","comm_296","MEMBER_OF",1,"leiden-algorithm",0
"Function:src/ui/src/actionsresponseswindow.cpp:tableHeightForRows","comm_296","MEMBER_OF",1,"leiden-algorithm",0
"Function:src/ui/src/actionsrepository.cpp:sequenceToJson","comm_301","MEMBER_OF",1,"leiden-algorithm",0
"Function:src/ui/src/actionsrepository.cpp:actionToJson","comm_301","MEMBER_OF",1,"leiden-algorithm",0
"Function:src/ui/src/actionsrepository.cpp:responseToJson","comm_301","MEMBER_OF",1,"leiden-algorithm",0
"Function:src/ui/src/actionsmanager.cpp:nextDefinitionId","comm_302","MEMBER_OF",1,"leiden-algorithm",0
"Function:src/ui/src/actionsmanager.cpp:setError","comm_302","MEMBER_OF",1,"leiden-algorithm",0
"Function:src/ui/src/actionsmanager.cpp:validateResponseActionIds","comm_302","MEMBER_OF",1,"leiden-algorithm",0
"Function:src/ui/src/actionsconfigparser.cpp:stripLineComments","comm_303","MEMBER_OF",1,"leiden-algorithm",0
"Function:src/ui/src/actionsconfigparser.cpp:unknownKeys","comm_303","MEMBER_OF",1,"leiden-algorithm",0
"Function:src/ui/src/actionsconfigparser.cpp:parseSequence","comm_303","MEMBER_OF",1,"leiden-algorithm",0
"Function:src/ui/src/actionsconfigparser.cpp:parseAction","comm_303","MEMBER_OF",1,"leiden-algorithm",0
"Function:src/ui/src/actionsconfigparser.cpp:parseResponse","comm_303","MEMBER_OF",1,"leiden-algorithm",0
"Function:src/ui/src/actionsconfig.cpp:parseSequenceType","comm_304","MEMBER_OF",1,"leiden-algorithm",0
"Function:src/ui/src/actionsconfig.cpp:parseMatchType","comm_304","MEMBER_OF",1,"leiden-algorithm",0
"Function:src/ui/src/actionsconfig.cpp:readStringListValue","comm_304","MEMBER_OF",1,"leiden-algorithm",0
"Function:src/ui/src/actionsconfig.cpp:setError","comm_304","MEMBER_OF",1,"leiden-algorithm",0
"Function:src/ui/src/actionsconfig.cpp:normalizeResponseAction","comm_60","MEMBER_OF",1,"leiden-algorithm",0
"Function:src/ui/src/actionsconfig.cpp:bytesToHexString","comm_304","MEMBER_OF",1,"leiden-algorithm",0
"Function:src/ui/src/actionsconfig.cpp:applyChecksum","comm_304","MEMBER_OF",1,"leiden-algorithm",0
"Function:src/ui/src/actionsconfig.cpp:isValidActionChecksumAlgorithm","comm_304","MEMBER_OF",1,"leiden-algorithm",0
"Function:src/ui/src/actionsconfig.cpp:normalizeActionOrderValues","comm_60","MEMBER_OF",1,"leiden-algorithm",0
"Function:src/ui/src/actionsconfig.cpp:normalizeResponseOrderValues","comm_60","MEMBER_OF",1,"leiden-algorithm",0
"Function:src/ui/src/actionsconfig.cpp:actionSequenceTypeToString","comm_305","MEMBER_OF",1,"leiden-algorithm",0
"Function:src/ui/src/actionsconfig.cpp:actionSequenceTypeFromString","comm_304","MEMBER_OF",1,"leiden-algorithm",0
"Function:src/ui/src/actionsconfig.cpp:responseMatchTypeToString","comm_305","MEMBER_OF",1,"leiden-algorithm",0
"Function:src/ui/src/actionsconfig.cpp:responseMatchTypeFromString","comm_304","MEMBER_OF",1,"leiden-algorithm",0
"Function:src/ui/src/actionsconfig.cpp:actionSequenceToBytes","comm_192","MEMBER_OF",1,"leiden-algorithm",0
"Function:src/ui/src/actionsconfig.cpp:actionDefinitionToBytes","comm_304","MEMBER_OF",1,"leiden-algorithm",0
"Function:src/ui/src/actionsconfig.cpp:validateActionDefinition","comm_304","MEMBER_OF",1,"leiden-algorithm",0
"Function:src/ui/src/actionsconfig.cpp:validateResponseDefinition","comm_304","MEMBER_OF",1,"leiden-algorithm",0
"Function:src/ui/src/actionsconfig.cpp:normalizeActionDefinitions","comm_60","MEMBER_OF",1,"leiden-algorithm",0
"Function:src/ui/src/actionsconfig.cpp:normalizeResponseDefinitions","comm_60","MEMBER_OF",1,"leiden-algorithm",0
"Function:src/ui/src/actionsconfig.cpp:actionDefinitionToVariantMap","comm_305","MEMBER_OF",1,"leiden-algorithm",0
"Function:src/ui/src/actionsconfig.cpp:responseDefinitionToVariantMap","comm_305","MEMBER_OF",1,"leiden-algorithm",0
"Function:src/ui/src/actionsconfig.cpp:actionDefinitionFromVariantMap","comm_304","MEMBER_OF",1,"leiden-algorithm",0
"Function:src/ui/src/actionsconfig.cpp:responseDefinitionFromVariantMap","comm_304","MEMBER_OF",1,"leiden-algorithm",0
"Function:src/ui/src/actionruntime.cpp:effectiveRepeatCount","comm_113","MEMBER_OF",1,"leiden-algorithm",0
"Function:src/ui/src/actionruntime.cpp:setError","comm_113","MEMBER_OF",1,"leiden-algorithm",0
"Function:src/ui/src/actionruntime.cpp:matchResponseDefinition","comm_163","MEMBER_OF",1,"leiden-algorithm",0
"Function:src/ui/src/actionruntime.cpp:sendActionDefinition","comm_113","MEMBER_OF",1,"leiden-algorithm",0
"Function:src/ui/src/actionruntime.cpp:executeResponseDefinition","comm_113","MEMBER_OF",1,"leiden-algorithm",0
"Function:src/ui/src/actioneditdialog.cpp:displayedStringToBytes","comm_306","MEMBER_OF",1,"leiden-algorithm",0
"Function:src/ui/src/actioneditdialog.cpp:bytesToDisplayedString","comm_306","MEMBER_OF",1,"leiden-algorithm",0
"Function:src/ui/src/actioneditdialog.cpp:splitCsvValues","comm_306","MEMBER_OF",1,"leiden-algorithm",0
"Function:src/ui/src/actioneditdialog.cpp:bytesToHexString","comm_306","MEMBER_OF",1,"leiden-algorithm",0
"Function:src/ui/src/actioneditdialog.cpp:lineEndingEscapeText","comm_307","MEMBER_OF",1,"leiden-algorithm",0
"Function:src/ui/src/abstractlogview.cpp:intLog2","comm_101","MEMBER_OF",1,"leiden-algorithm",0
"Function:src/ui/src/abstractlogview.cpp:countDigits","comm_101","MEMBER_OF",1,"leiden-algorithm",0
"Function:src/ui/src/abstractlogview.cpp:textWidth","comm_101","MEMBER_OF",1,"leiden-algorithm",0
"Function:src/ui/src/abstractlogview.cpp:pixmapPainter","comm_309","MEMBER_OF",1,"leiden-algorithm",0
"Function:src/ui/src/abstractlogview.cpp:pixmapFontMetrics","comm_309","MEMBER_OF",1,"leiden-algorithm",0
"Function:src/ui/include/serialcaptureworker.h:serializeSerialCaptureSettings","comm_232","MEMBER_OF",1,"leiden-algorithm",0
"Function:src/ui/include/serialcaptureworker.h:deserializeSerialCaptureSettings","comm_130","MEMBER_OF",1,"leiden-algorithm",0
"Function:src/ui/include/previewdecodeutils.h:parseHexToU64AllowOddDigits","comm_189","MEMBER_OF",1,"leiden-algorithm",0
"Function:src/ui/include/previewdecodeutils.h:decodeHexStringToBytes","comm_163","MEMBER_OF",1,"leiden-algorithm",0
"Function:src/ui/include/previewdecodeutils.h:evaluatePreviewExpression","comm_189","MEMBER_OF",1,"leiden-algorithm",0
"Function:src/ui/include/previewdecodeutils.h:resolveTemplateString","comm_192","MEMBER_OF",1,"leiden-algorithm",0
"Function:src/ui/include/previewconfig.h:previewBufferTypeToString","comm_187","MEMBER_OF",1,"leiden-algorithm",0
"Function:src/ui/include/previewconfig.h:previewFormatToString","comm_187","MEMBER_OF",1,"leiden-algorithm",0
"Function:src/ui/include/previewconfig.h:previewFieldSourceToString","comm_187","MEMBER_OF",1,"leiden-algorithm",0
"Function:src/ui/include/previewconfig.h:previewBufferTypeFromString","comm_197","MEMBER_OF",1,"leiden-algorithm",0
"Function:src/ui/include/previewconfig.h:previewFormatFromString","comm_197","MEMBER_OF",1,"leiden-algorithm",0
"Function:src/ui/include/previewconfig.h:previewFieldSourceFromString","comm_197","MEMBER_OF",1,"leiden-algorithm",0
"Function:src/ui/include/predefinedfilters.h:createPredefinedFilterId","comm_202","MEMBER_OF",1,"leiden-algorithm",0
"Function:src/ui/include/comportutils.h:defaultComLogDirectory","comm_129","MEMBER_OF",1,"leiden-algorithm",0
"Function:src/ui/include/comportutils.h:defaultSerialCaptureSettings","comm_220","MEMBER_OF",1,"leiden-algorithm",0
"Function:src/ui/include/comportutils.h:suggestedComCapturePath","comm_220","MEMBER_OF",1,"leiden-algorithm",0
"Function:src/ui/include/comportutils.h:suggestedNextComCapturePath","comm_139","MEMBER_OF",1,"leiden-algorithm",0
"Function:src/ui/include/comportutils.h:resolveCommanderComSettings","comm_139","MEMBER_OF",1,"leiden-algorithm",0
"Function:src/ui/include/comportutils.h:ensureComCaptureFileWritable","comm_130","MEMBER_OF",1,"leiden-algorithm",0
"Function:src/ui/include/comportutils.h:populateSerialControls","comm_215","MEMBER_OF",1,"leiden-algorithm",0
"Function:src/ui/include/commander.h:commanderActionToString","comm_85","MEMBER_OF",1,"leiden-algorithm",0
"Function:src/ui/include/commander.h:commanderActionFromString","comm_85","MEMBER_OF",1,"leiden-algorithm",0
"Function:src/ui/include/commander.h:normalizeCommanderFilePath","comm_84","MEMBER_OF",1,"leiden-algorithm",0
"Function:src/ui/include/commander.h:normalizeCommanderUrl","comm_235","MEMBER_OF",1,"leiden-algorithm",0
"Function:src/ui/include/commander.h:isCommanderOpenAction","comm_73","MEMBER_OF",1,"leiden-algorithm",0
"Function:src/ui/include/commander.h:commanderRequestToVariantMap","comm_57","MEMBER_OF",1,"leiden-algorithm",0
"Function:src/ui/include/commander.h:commanderRequestFromVariantMap","comm_51","MEMBER_OF",1,"leiden-algorithm",0
"Function:src/ui/include/commander.h:commanderResultToVariantMap","comm_143","MEMBER_OF",1,"leiden-algorithm",0
"Function:src/ui/include/commander.h:writeCommanderResult","comm_51","MEMBER_OF",1,"leiden-algorithm",0
"Function:src/ui/include/commander.h:readCommanderResult","comm_69","MEMBER_OF",1,"leiden-algorithm",0
"Function:src/ui/include/commander.h:commanderSuccess","comm_139","MEMBER_OF",1,"leiden-algorithm",0
"Function:src/ui/include/commander.h:commanderFailure","comm_139","MEMBER_OF",1,"leiden-algorithm",0
"Function:src/ui/include/actionsconfig.h:actionSequenceTypeToString","comm_301","MEMBER_OF",1,"leiden-algorithm",0
"Function:src/ui/include/actionsconfig.h:actionSequenceTypeFromString","comm_306","MEMBER_OF",1,"leiden-algorithm",0
"Function:src/ui/include/actionsconfig.h:responseMatchTypeToString","comm_160","MEMBER_OF",1,"leiden-algorithm",0
"Function:src/ui/include/actionsconfig.h:responseMatchTypeFromString","comm_162","MEMBER_OF",1,"leiden-algorithm",0
"Function:src/ui/include/actionsconfig.h:actionDefinitionToBytes","comm_113","MEMBER_OF",1,"leiden-algorithm",0
"Function:src/ui/include/actionsconfig.h:validateActionDefinition","comm_302","MEMBER_OF",1,"leiden-algorithm",0
"Function:src/ui/include/actionsconfig.h:validateResponseDefinition","comm_302","MEMBER_OF",1,"leiden-algorithm",0
"Function:src/ui/include/actionsconfig.h:normalizeActionDefinitions","comm_302","MEMBER_OF",1,"leiden-algorithm",0
"Function:src/ui/include/actionsconfig.h:normalizeResponseDefinitions","comm_302","MEMBER_OF",1,"leiden-algorithm",0
"Function:src/ui/include/actionsconfig.h:actionDefinitionToVariantMap","comm_73","MEMBER_OF",1,"leiden-algorithm",0
"Function:src/ui/include/actionsconfig.h:responseDefinitionToVariantMap","comm_73","MEMBER_OF",1,"leiden-algorithm",0
"Function:src/ui/include/actionsconfig.h:actionDefinitionFromVariantMap","comm_73","MEMBER_OF",1,"leiden-algorithm",0
"Function:src/ui/include/actionsconfig.h:responseDefinitionFromVariantMap","comm_73","MEMBER_OF",1,"leiden-algorithm",0
"Function:src/ui/include/actionruntime.h:matchResponseDefinition","comm_118","MEMBER_OF",1,"leiden-algorithm",0
"Function:src/ui/include/actionruntime.h:sendActionDefinition","comm_239","MEMBER_OF",1,"leiden-algorithm",0
"Function:src/ui/include/actionruntime.h:executeResponseDefinition","comm_118","MEMBER_OF",1,"leiden-algorithm",0
"Function:src/settings/src/shortcuts.cpp:getKeyBindings","comm_373","MEMBER_OF",1,"leiden-algorithm",0
"Function:src/settings/src/persistentinfo.cpp:makeSessionSettingsPath","comm_88","MEMBER_OF",1,"leiden-algorithm",0
"Function:src/settings/src/persistentinfo.cpp:makeLegacySessionSettingsPath","comm_88","MEMBER_OF",1,"leiden-algorithm",0
"Function:src/settings/src/persistentinfo.cpp:copySettings","comm_88","MEMBER_OF",1,"leiden-algorithm",0
"Function:src/settings/src/configuration.cpp:canonicalShortcutActionId","comm_213","MEMBER_OF",1,"leiden-algorithm",0
"Function:src/regex/src/regularexpression.cpp:splitTopLevelOr","comm_62","MEMBER_OF",1,"leiden-algorithm",0
"Function:src/regex/src/regularexpression.cpp:normalizeExtendedBooleanOps","comm_384","MEMBER_OF",1,"leiden-algorithm",0
"Function:src/regex/src/regularexpression.cpp:canUseDirectHsCombinationBit","comm_384","MEMBER_OF",1,"leiden-algorithm",0
"Function:src/regex/src/regularexpression.cpp:parseBooleanExpressions","comm_385","MEMBER_OF",1,"leiden-algorithm",0
"Function:src/regex/src/regularexpression.cpp:hasSingleMatch","comm_384","MEMBER_OF",1,"leiden-algorithm",0
"Function:src/regex/src/regularexpression.cpp:hasCombinedMatch","comm_384","MEMBER_OF",1,"leiden-algorithm",0
"Function:src/regex/src/regularexpression.cpp:hasInverseSingleMatch","comm_384","MEMBER_OF",1,"leiden-algorithm",0
"Function:src/regex/src/regularexpression.cpp:hasInverseCombinedMatch","comm_384","MEMBER_OF",1,"leiden-algorithm",0
"Function:src/regex/src/hsregularexpression.cpp:acceleratedBackendName","comm_387","MEMBER_OF",1,"leiden-algorithm",0
"Function:src/regex/src/hsregularexpression.cpp:targetArchitectureName","comm_387","MEMBER_OF",1,"leiden-algorithm",0
"Function:src/regex/src/hsregularexpression.cpp:isAcceleratedBackendPlatformValid","comm_387","MEMBER_OF",1,"leiden-algorithm",0
"Function:src/regex/src/booleanevaluator.cpp:isBitSet","comm_385","MEMBER_OF",1,"leiden-algorithm",0
"Function:src/regex/src/booleanevaluator.cpp:buildPatternCombination","comm_385","MEMBER_OF",1,"leiden-algorithm",0
"Function:src/logdata/src/readablesize.cpp:readableSize","comm_60","MEMBER_OF",1,"leiden-algorithm",0
"Function:src/logdata/src/logfiltereddataworker.cpp:filterLines","comm_392","MEMBER_OF",1,"leiden-algorithm",0
"Function:src/logdata/src/logdataworker.cpp:charOffsetWithinBlock","comm_410","MEMBER_OF",1,"leiden-algorithm",0
"Function:src/logdata/src/logdataworker.cpp:expandTabsInLine","comm_410","MEMBER_OF",1,"leiden-algorithm",0
"Function:src/logdata/src/logdataworker.cpp:findNextLineFeed","comm_410","MEMBER_OF",1,"leiden-algorithm",0
"Function:src/logdata/src/fileholder.cpp:openFileByHandle","comm_416","MEMBER_OF",1,"leiden-algorithm",0
"Function:src/logdata/include/readablesize.h:readableSize","comm_240","MEMBER_OF",1,"leiden-algorithm",0
"Function:src/logdata/include/linetypes.h:maxValue","comm_286","MEMBER_OF",1,"leiden-algorithm",0
"Function:src/logdata/include/linetypes.h:boundedAdd","comm_286","MEMBER_OF",1,"leiden-algorithm",0
"Function:src/logdata/include/linetypes.h:boundedSubtract","comm_456","MEMBER_OF",1,"leiden-algorithm",0
"Function:src/logdata/include/linetypes.h:untabify","comm_415","MEMBER_OF",1,"leiden-algorithm",0
"Function:src/logdata/include/linetypes.h:getUntabifiedLength","comm_392","MEMBER_OF",1,"leiden-algorithm",0
"Function:src/klogg_version/include/klogg_version.h:kloggVersion","comm_87","MEMBER_OF",1,"leiden-algorithm",0
"Function:src/klogg_version/include/klogg_version.h:kloggBuildDate","comm_87","MEMBER_OF",1,"leiden-algorithm",0
"Function:src/klogg_version/include/klogg_version.h:kloggCommit","comm_87","MEMBER_OF",1,"leiden-algorithm",0
"Function:src/klogg_version/include/klogg_version.h:kloggGitVersion","comm_84","MEMBER_OF",1,"leiden-algorithm",0
"Function:src/filewatch/src/filewatcher.cpp:isOnlyForPolling","comm_379","MEMBER_OF",1,"leiden-algorithm",0
"Function:src/logging/src/logger.cpp:kloggFileMessageHandler","comm_467","MEMBER_OF",1,"leiden-algorithm",0
"Function:src/logging/src/logger.cpp:kloggConsoleMessageHandler","comm_467","MEMBER_OF",1,"leiden-algorithm",0
"Function:src/logging/src/logger.cpp:enableLogging","comm_467","MEMBER_OF",1,"leiden-algorithm",0
"Function:src/logging/src/logger.cpp:enableFileLogging","comm_467","MEMBER_OF",1,"leiden-algorithm",0
"Function:src/logging/src/logger.cpp:needLogging","comm_467","MEMBER_OF",1,"leiden-algorithm",0
"Function:src/logging/include/logger.h:enableLogging","comm_7","MEMBER_OF",1,"leiden-algorithm",0
"Function:src/logging/include/logger.h:enableFileLogging","comm_238","MEMBER_OF",1,"leiden-algorithm",0
"Function:src/crash_handler/src/issuereporter.cpp:encodeQueryValue","comm_87","MEMBER_OF",1,"leiden-algorithm",0
"Function:src/crash_handler/src/crashhandler.cpp:sentryDatabasePath","comm_468","MEMBER_OF",1,"leiden-algorithm",0
"Function:src/crash_handler/src/crashhandler.cpp:processedReportMarkerPath","comm_469","MEMBER_OF",1,"leiden-algorithm",0
"Function:src/crash_handler/src/crashhandler.cpp:isReportAlreadyProcessed","comm_469","MEMBER_OF",1,"leiden-algorithm",0
"Function:src/crash_handler/src/crashhandler.cpp:markReportProcessed","comm_469","MEMBER_OF",1,"leiden-algorithm",0
"Function:src/crash_handler/src/crashhandler.cpp:clearProcessedMarker","comm_469","MEMBER_OF",1,"leiden-algorithm",0
"Function:src/crash_handler/src/crashhandler.cpp:askUserConfirmation","comm_94","MEMBER_OF",1,"leiden-algorithm",0
"Function:src/crash_handler/src/crashhandler.cpp:checkCrashpadReports","comm_469","MEMBER_OF",1,"leiden-algorithm",0
"Function:src/crash_handler/include/memory_info.h:physicalMemory","comm_468","MEMBER_OF",1,"leiden-algorithm",0
"Function:src/crash_handler/include/memory_info.h:usedMemory","comm_468","MEMBER_OF",1,"leiden-algorithm",0
"Function:src/app/python_runtime/worker_bootstrap.py:main","comm_470","MEMBER_OF",1,"leiden-algorithm",0
"Function:src/app/python_runtime/scenario_bootstrap.py:_utc_now","comm_471","MEMBER_OF",1,"leiden-algorithm",0
"Function:src/app/python_runtime/scenario_bootstrap.py:_load_json_file","comm_472","MEMBER_OF",1,"leiden-algorithm",0
"Function:src/app/python_runtime/scenario_bootstrap.py:_load_device_bindings","comm_471","MEMBER_OF",1,"leiden-algorithm",0
"Function:src/app/python_runtime/scenario_bootstrap.py:_resolve_relative","comm_472","MEMBER_OF",1,"leiden-algorithm",0
"Function:src/app/python_runtime/scenario_bootstrap.py:_notify_status","comm_472","MEMBER_OF",1,"leiden-algorithm",0
"Function:src/app/python_runtime/scenario_bootstrap.py:_notify_report","comm_471","MEMBER_OF",1,"leiden-algorithm",0
"Function:src/app/python_runtime/scenario_bootstrap.py:_run_scenario_file","comm_472","MEMBER_OF",1,"leiden-algorithm",0
"Function:src/app/python_runtime/scenario_bootstrap.py:_disabled_result","comm_472","MEMBER_OF",1,"leiden-algorithm",0
"Function:src/app/python_runtime/scenario_bootstrap.py:_summarize_report","comm_471","MEMBER_OF",1,"leiden-algorithm",0
"Function:src/app/python_runtime/scenario_bootstrap.py:_write_json_report","comm_471","MEMBER_OF",1,"leiden-algorithm",0
"Function:src/app/python_runtime/scenario_bootstrap.py:_write_junit_report","comm_471","MEMBER_OF",1,"leiden-algorithm",0
"Function:src/app/python_runtime/scenario_bootstrap.py:_run_single_scenario","comm_472","MEMBER_OF",1,"leiden-algorithm",0
"Function:src/app/python_runtime/scenario_bootstrap.py:_run_suite","comm_472","MEMBER_OF",1,"leiden-algorithm",0
"Function:src/app/python_runtime/scenario_bootstrap.py:main","comm_471","MEMBER_OF",1,"leiden-algorithm",0
"Function:src/app/python_runtime/klogg/test.py:_utc_now","comm_475","MEMBER_OF",1,"leiden-algorithm",0
"Function:src/app/python_runtime/klogg/test.py:_client_notify","comm_475","MEMBER_OF",1,"leiden-algorithm",0
"Function:src/app/python_runtime/klogg/test.py:_StepContext.to_dict","comm_476","MEMBER_OF",1,"leiden-algorithm",0
"Function:src/app/python_runtime/klogg/test.py:_ScenarioContext.current_step","comm_476","MEMBER_OF",1,"leiden-algorithm",0
"Function:src/app/python_runtime/klogg/test.py:_ScenarioContext.to_dict","comm_475","MEMBER_OF",1,"leiden-algorithm",0
"Function:src/app/python_runtime/klogg/test.py:_load_device_bindings","comm_477","MEMBER_OF",1,"leiden-algorithm",0
"Function:src/app/python_runtime/klogg/test.py:_ensure_context","comm_476","MEMBER_OF",1,"leiden-algorithm",0
"Function:src/app/python_runtime/klogg/test.py:_update_status","comm_475","MEMBER_OF",1,"leiden-algorithm",0
"Function:src/app/python_runtime/klogg/test.py:_begin_scenario_run","comm_475","MEMBER_OF",1,"leiden-algorithm",0
"Function:src/app/python_runtime/klogg/test.py:_finalize_success","comm_475","MEMBER_OF",1,"leiden-algorithm",0
"Function:src/app/python_runtime/klogg/test.py:_finalize_skip","comm_475","MEMBER_OF",1,"leiden-algorithm",0
"Function:src/app/python_runtime/klogg/test.py:_finalize_failure","comm_475","MEMBER_OF",1,"leiden-algorithm",0
"Function:src/app/python_runtime/klogg/test.py:scenario","comm_476","MEMBER_OF",1,"leiden-algorithm",0
"Function:src/app/python_runtime/klogg/test.py:step","comm_476","MEMBER_OF",1,"leiden-algorithm",0
"Function:src/app/python_runtime/klogg/test.py:artifact","comm_476","MEMBER_OF",1,"leiden-algorithm",0
"Function:src/app/python_runtime/klogg/test.py:record_metric","comm_476","MEMBER_OF",1,"leiden-algorithm",0
"Function:src/app/python_runtime/klogg/test.py:devices","comm_477","MEMBER_OF",1,"leiden-algorithm",0
"Function:src/app/python_runtime/klogg/test.py:device","comm_477","MEMBER_OF",1,"leiden-algorithm",0
"Function:website/themes/hugo-book/assets/search.js:focusSearchFieldOnKeyPress","comm_479","MEMBER_OF",1,"leiden-algorithm",0
"Function:website/themes/hugo-book/assets/search.js:isHotkey","comm_479","MEMBER_OF",1,"leiden-algorithm",0
"Function:website/themes/hugo-book/assets/search.js:init","comm_480","MEMBER_OF",1,"leiden-algorithm",0
"Function:website/themes/hugo-book/assets/search.js:search","comm_480","MEMBER_OF",1,"leiden-algorithm",0
"Function:website/themes/hugo-book/assets/search.js:loadScript","comm_480","MEMBER_OF",1,"leiden-algorithm",0
"Function:website/themes/hugo-book/assets/search.js:element","comm_480","MEMBER_OF",1,"leiden-algorithm",0
